<annotation>
	<folder>beijingduck</folder>
	<filename>beijingduck (8).jpg</filename>
	<path>D:\downloads\fooDetector\beijingduck\beijingduck (8).jpg</path>
	<source>
		<database>Unknown</database>
	</source>
	<size>
		<width>2000</width>
		<height>1333</height>
		<depth>3</depth>
	</size>
	<segmented>0</segmented>
	<object>
		<name>beijingduck</name>
		<pose>Unspecified</pose>
		<truncated>0</truncated>
		<difficult>0</difficult>
		<bndbox>
			<xmin>204</xmin>
			<ymin>138</ymin>
			<xmax>1122</xmax>
			<ymax>1227</ymax>
		</bndbox>
	</object>
</annotation>
