<annotation>
	<folder>beijingduck</folder>
	<filename>beijingduck (81).jpg</filename>
	<path>D:\downloads\fooDetector\beijingduck\beijingduck (81).jpg</path>
	<source>
		<database>Unknown</database>
	</source>
	<size>
		<width>600</width>
		<height>398</height>
		<depth>3</depth>
	</size>
	<segmented>0</segmented>
	<object>
		<name>beijingduck</name>
		<pose>Unspecified</pose>
		<truncated>1</truncated>
		<difficult>0</difficult>
		<bndbox>
			<xmin>3</xmin>
			<ymin>52</ymin>
			<xmax>600</xmax>
			<ymax>395</ymax>
		</bndbox>
	</object>
</annotation>
