<annotation>
	<folder>beijingduck</folder>
	<filename>beijingduck (62).jpg</filename>
	<path>D:\downloads\fooDetector\beijingduck\beijingduck (62).jpg</path>
	<source>
		<database>Unknown</database>
	</source>
	<size>
		<width>1200</width>
		<height>1800</height>
		<depth>3</depth>
	</size>
	<segmented>0</segmented>
	<object>
		<name>beijingduck</name>
		<pose>Unspecified</pose>
		<truncated>1</truncated>
		<difficult>0</difficult>
		<bndbox>
			<xmin>60</xmin>
			<ymin>173</ymin>
			<xmax>1200</xmax>
			<ymax>1166</ymax>
		</bndbox>
	</object>
</annotation>
