<annotation>
	<folder>beijingduck</folder>
	<filename>beijingduck (92).jpg</filename>
	<path>D:\downloads\fooDetector\beijingduck\beijingduck (92).jpg</path>
	<source>
		<database>Unknown</database>
	</source>
	<size>
		<width>1200</width>
		<height>900</height>
		<depth>3</depth>
	</size>
	<segmented>0</segmented>
	<object>
		<name>beijingduck</name>
		<pose>Unspecified</pose>
		<truncated>0</truncated>
		<difficult>0</difficult>
		<bndbox>
			<xmin>15</xmin>
			<ymin>55</ymin>
			<xmax>384</xmax>
			<ymax>383</ymax>
		</bndbox>
	</object>
	<object>
		<name>beijingduck</name>
		<pose>Unspecified</pose>
		<truncated>0</truncated>
		<difficult>0</difficult>
		<bndbox>
			<xmin>66</xmin>
			<ymin>413</ymin>
			<xmax>373</xmax>
			<ymax>546</ymax>
		</bndbox>
	</object>
	<object>
		<name>beijingduck</name>
		<pose>Unspecified</pose>
		<truncated>0</truncated>
		<difficult>0</difficult>
		<bndbox>
			<xmin>431</xmin>
			<ymin>158</ymin>
			<xmax>654</xmax>
			<ymax>243</ymax>
		</bndbox>
	</object>
	<object>
		<name>beijingduck</name>
		<pose>Unspecified</pose>
		<truncated>0</truncated>
		<difficult>0</difficult>
		<bndbox>
			<xmin>424</xmin>
			<ymin>274</ymin>
			<xmax>593</xmax>
			<ymax>392</ymax>
		</bndbox>
	</object>
	<object>
		<name>beijingduck</name>
		<pose>Unspecified</pose>
		<truncated>0</truncated>
		<difficult>0</difficult>
		<bndbox>
			<xmin>639</xmin>
			<ymin>226</ymin>
			<xmax>856</xmax>
			<ymax>377</ymax>
		</bndbox>
	</object>
	<object>
		<name>beijingduck</name>
		<pose>Unspecified</pose>
		<truncated>0</truncated>
		<difficult>0</difficult>
		<bndbox>
			<xmin>450</xmin>
			<ymin>629</ymin>
			<xmax>761</xmax>
			<ymax>859</ymax>
		</bndbox>
	</object>
</annotation>
