<annotation>
	<folder>beijingduck</folder>
	<filename>beijingduck (16).jpg</filename>
	<path>D:\downloads\fooDetector\beijingduck\beijingduck (16).jpg</path>
	<source>
		<database>Unknown</database>
	</source>
	<size>
		<width>800</width>
		<height>800</height>
		<depth>3</depth>
	</size>
	<segmented>0</segmented>
	<object>
		<name>beijingduck</name>
		<pose>Unspecified</pose>
		<truncated>1</truncated>
		<difficult>0</difficult>
		<bndbox>
			<xmin>1</xmin>
			<ymin>169</ymin>
			<xmax>700</xmax>
			<ymax>706</ymax>
		</bndbox>
	</object>
</annotation>
