<annotation>
	<folder>beijingduck</folder>
	<filename>beijingduck (45).jpg</filename>
	<path>D:\downloads\fooDetector\beijingduck\beijingduck (45).jpg</path>
	<source>
		<database>Unknown</database>
	</source>
	<size>
		<width>667</width>
		<height>648</height>
		<depth>3</depth>
	</size>
	<segmented>0</segmented>
	<object>
		<name>beijingduck</name>
		<pose>Unspecified</pose>
		<truncated>0</truncated>
		<difficult>0</difficult>
		<bndbox>
			<xmin>118</xmin>
			<ymin>155</ymin>
			<xmax>656</xmax>
			<ymax>512</ymax>
		</bndbox>
	</object>
</annotation>
