<annotation>
	<folder>beijingduck</folder>
	<filename>beijingduck (50).jpg</filename>
	<path>D:\downloads\fooDetector\beijingduck\beijingduck (50).jpg</path>
	<source>
		<database>Unknown</database>
	</source>
	<size>
		<width>1200</width>
		<height>1107</height>
		<depth>3</depth>
	</size>
	<segmented>0</segmented>
	<object>
		<name>beijingduck</name>
		<pose>Unspecified</pose>
		<truncated>0</truncated>
		<difficult>0</difficult>
		<bndbox>
			<xmin>28</xmin>
			<ymin>115</ymin>
			<xmax>1167</xmax>
			<ymax>1020</ymax>
		</bndbox>
	</object>
</annotation>
