<annotation>
	<folder>beijingduck</folder>
	<filename>beijingduck (98).jpg</filename>
	<path>D:\downloads\fooDetector\beijingduck\beijingduck (98).jpg</path>
	<source>
		<database>Unknown</database>
	</source>
	<size>
		<width>2048</width>
		<height>1365</height>
		<depth>3</depth>
	</size>
	<segmented>0</segmented>
	<object>
		<name>beijingduck</name>
		<pose>Unspecified</pose>
		<truncated>0</truncated>
		<difficult>0</difficult>
		<bndbox>
			<xmin>469</xmin>
			<ymin>590</ymin>
			<xmax>1668</xmax>
			<ymax>1179</ymax>
		</bndbox>
	</object>
</annotation>
