<annotation>
	<folder>beijingduck</folder>
	<filename>beijingduck (99).jpg</filename>
	<path>D:\downloads\fooDetector\beijingduck\beijingduck (99).jpg</path>
	<source>
		<database>Unknown</database>
	</source>
	<size>
		<width>2152</width>
		<height>1205</height>
		<depth>3</depth>
	</size>
	<segmented>0</segmented>
	<object>
		<name>beijingduck</name>
		<pose>Unspecified</pose>
		<truncated>0</truncated>
		<difficult>0</difficult>
		<bndbox>
			<xmin>531</xmin>
			<ymin>648</ymin>
			<xmax>1102</xmax>
			<ymax>881</ymax>
		</bndbox>
	</object>
	<object>
		<name>beijingduck</name>
		<pose>Unspecified</pose>
		<truncated>0</truncated>
		<difficult>0</difficult>
		<bndbox>
			<xmin>994</xmin>
			<ymin>931</ymin>
			<xmax>1416</xmax>
			<ymax>1075</ymax>
		</bndbox>
	</object>
</annotation>
