<annotation>
	<folder>beijingduck</folder>
	<filename>beijingduck (101).jpg</filename>
	<path>D:\downloads\fooDetector\beijingduck\beijingduck (101).jpg</path>
	<source>
		<database>Unknown</database>
	</source>
	<size>
		<width>1000</width>
		<height>667</height>
		<depth>3</depth>
	</size>
	<segmented>0</segmented>
	<object>
		<name>beijingduck</name>
		<pose>Unspecified</pose>
		<truncated>0</truncated>
		<difficult>0</difficult>
		<bndbox>
			<xmin>184</xmin>
			<ymin>63</ymin>
			<xmax>960</xmax>
			<ymax>603</ymax>
		</bndbox>
	</object>
</annotation>
