<annotation>
	<folder>beijingduck</folder>
	<filename>beijingduck (87).jpg</filename>
	<path>D:\downloads\fooDetector\beijingduck\beijingduck (87).jpg</path>
	<source>
		<database>Unknown</database>
	</source>
	<size>
		<width>800</width>
		<height>899</height>
		<depth>3</depth>
	</size>
	<segmented>0</segmented>
	<object>
		<name>beijingduck</name>
		<pose>Unspecified</pose>
		<truncated>0</truncated>
		<difficult>0</difficult>
		<bndbox>
			<xmin>3</xmin>
			<ymin>69</ymin>
			<xmax>620</xmax>
			<ymax>450</ymax>
		</bndbox>
	</object>
	<object>
		<name>beijingduck</name>
		<pose>Unspecified</pose>
		<truncated>1</truncated>
		<difficult>0</difficult>
		<bndbox>
			<xmin>95</xmin>
			<ymin>517</ymin>
			<xmax>799</xmax>
			<ymax>899</ymax>
		</bndbox>
	</object>
</annotation>
