<annotation>
	<folder>beijingduck</folder>
	<filename>beijingduck (96).jpg</filename>
	<path>D:\downloads\fooDetector\beijingduck\beijingduck (96).jpg</path>
	<source>
		<database>Unknown</database>
	</source>
	<size>
		<width>1280</width>
		<height>720</height>
		<depth>3</depth>
	</size>
	<segmented>0</segmented>
	<object>
		<name>beijingduck</name>
		<pose>Unspecified</pose>
		<truncated>0</truncated>
		<difficult>0</difficult>
		<bndbox>
			<xmin>193</xmin>
			<ymin>165</ymin>
			<xmax>906</xmax>
			<ymax>581</ymax>
		</bndbox>
	</object>
</annotation>
