<annotation>
	<folder>beijingduck</folder>
	<filename>beijingduck (26).jpg</filename>
	<path>D:\downloads\fooDetector\beijingduck\beijingduck (26).jpg</path>
	<source>
		<database>Unknown</database>
	</source>
	<size>
		<width>1200</width>
		<height>900</height>
		<depth>3</depth>
	</size>
	<segmented>0</segmented>
	<object>
		<name>beijingduck</name>
		<pose>Unspecified</pose>
		<truncated>0</truncated>
		<difficult>0</difficult>
		<bndbox>
			<xmin>455</xmin>
			<ymin>229</ymin>
			<xmax>877</xmax>
			<ymax>610</ymax>
		</bndbox>
	</object>
</annotation>
