<annotation>
	<folder>beijingduck</folder>
	<filename>beijingduck (82).jpg</filename>
	<path>D:\downloads\fooDetector\beijingduck\beijingduck (82).jpg</path>
	<source>
		<database>Unknown</database>
	</source>
	<size>
		<width>2048</width>
		<height>1536</height>
		<depth>3</depth>
	</size>
	<segmented>0</segmented>
	<object>
		<name>beijingduck</name>
		<pose>Unspecified</pose>
		<truncated>0</truncated>
		<difficult>0</difficult>
		<bndbox>
			<xmin>638</xmin>
			<ymin>416</ymin>
			<xmax>1768</xmax>
			<ymax>1078</ymax>
		</bndbox>
	</object>
</annotation>
