<annotation>
	<folder>beijingduck</folder>
	<filename>beijingduck (84).jpg</filename>
	<path>D:\downloads\fooDetector\beijingduck\beijingduck (84).jpg</path>
	<source>
		<database>Unknown</database>
	</source>
	<size>
		<width>533</width>
		<height>300</height>
		<depth>3</depth>
	</size>
	<segmented>0</segmented>
	<object>
		<name>beijingduck</name>
		<pose>Unspecified</pose>
		<truncated>0</truncated>
		<difficult>0</difficult>
		<bndbox>
			<xmin>284</xmin>
			<ymin>17</ymin>
			<xmax>444</xmax>
			<ymax>103</ymax>
		</bndbox>
	</object>
	<object>
		<name>beijingduck</name>
		<pose>Unspecified</pose>
		<truncated>0</truncated>
		<difficult>0</difficult>
		<bndbox>
			<xmin>62</xmin>
			<ymin>88</ymin>
			<xmax>354</xmax>
			<ymax>273</ymax>
		</bndbox>
	</object>
</annotation>
