<annotation>
	<folder>beijingduck</folder>
	<filename>beijingduck (59).jpg</filename>
	<path>D:\downloads\fooDetector\beijingduck\beijingduck (59).jpg</path>
	<source>
		<database>Unknown</database>
	</source>
	<size>
		<width>580</width>
		<height>870</height>
		<depth>3</depth>
	</size>
	<segmented>0</segmented>
	<object>
		<name>beijingduck</name>
		<pose>Unspecified</pose>
		<truncated>0</truncated>
		<difficult>0</difficult>
		<bndbox>
			<xmin>3</xmin>
			<ymin>85</ymin>
			<xmax>279</xmax>
			<ymax>413</ymax>
		</bndbox>
	</object>
</annotation>
