<annotation>
	<folder>beijingduck</folder>
	<filename>beijingduck (107).png</filename>
	<path>D:\downloads\fooDetector\beijingduck\beijingduck (107).png</path>
	<source>
		<database>Unknown</database>
	</source>
	<size>
		<width>1000</width>
		<height>480</height>
		<depth>3</depth>
	</size>
	<segmented>0</segmented>
	<object>
		<name>beijingduck</name>
		<pose>Unspecified</pose>
		<truncated>0</truncated>
		<difficult>0</difficult>
		<bndbox>
			<xmin>313</xmin>
			<ymin>180</ymin>
			<xmax>698</xmax>
			<ymax>361</ymax>
		</bndbox>
	</object>
	<object>
		<name>beijingduck</name>
		<pose>Unspecified</pose>
		<truncated>1</truncated>
		<difficult>0</difficult>
		<bndbox>
			<xmin>839</xmin>
			<ymin>2</ymin>
			<xmax>1000</xmax>
			<ymax>296</ymax>
		</bndbox>
	</object>
	<object>
		<name>beijingduck</name>
		<pose>Unspecified</pose>
		<truncated>0</truncated>
		<difficult>0</difficult>
		<bndbox>
			<xmin>401</xmin>
			<ymin>403</ymin>
			<xmax>678</xmax>
			<ymax>459</ymax>
		</bndbox>
	</object>
</annotation>
