<annotation>
	<folder>beijingduck</folder>
	<filename>beijingduck (90).jpg</filename>
	<path>D:\downloads\fooDetector\beijingduck\beijingduck (90).jpg</path>
	<source>
		<database>Unknown</database>
	</source>
	<size>
		<width>2000</width>
		<height>1429</height>
		<depth>3</depth>
	</size>
	<segmented>0</segmented>
	<object>
		<name>beijingduck</name>
		<pose>Unspecified</pose>
		<truncated>0</truncated>
		<difficult>0</difficult>
		<bndbox>
			<xmin>636</xmin>
			<ymin>3</ymin>
			<xmax>1999</xmax>
			<ymax>967</ymax>
		</bndbox>
	</object>
</annotation>
