<annotation>
	<folder>beijingduck</folder>
	<filename>beijingduck (37).jpg</filename>
	<path>D:\downloads\fooDetector\beijingduck\beijingduck (37).jpg</path>
	<source>
		<database>Unknown</database>
	</source>
	<size>
		<width>800</width>
		<height>533</height>
		<depth>3</depth>
	</size>
	<segmented>0</segmented>
	<object>
		<name>beijingduck</name>
		<pose>Unspecified</pose>
		<truncated>1</truncated>
		<difficult>0</difficult>
		<bndbox>
			<xmin>543</xmin>
			<ymin>45</ymin>
			<xmax>800</xmax>
			<ymax>247</ymax>
		</bndbox>
	</object>
	<object>
		<name>beijingduck</name>
		<pose>Unspecified</pose>
		<truncated>0</truncated>
		<difficult>0</difficult>
		<bndbox>
			<xmin>275</xmin>
			<ymin>211</ymin>
			<xmax>521</xmax>
			<ymax>417</ymax>
		</bndbox>
	</object>
</annotation>
