<annotation>
	<folder>beijingduck</folder>
	<filename>beijingduck (63).jpg</filename>
	<path>D:\downloads\fooDetector\beijingduck\beijingduck (63).jpg</path>
	<source>
		<database>Unknown</database>
	</source>
	<size>
		<width>1279</width>
		<height>720</height>
		<depth>3</depth>
	</size>
	<segmented>0</segmented>
	<object>
		<name>beijingduck</name>
		<pose>Unspecified</pose>
		<truncated>0</truncated>
		<difficult>0</difficult>
		<bndbox>
			<xmin>447</xmin>
			<ymin>272</ymin>
			<xmax>1217</xmax>
			<ymax>642</ymax>
		</bndbox>
	</object>
</annotation>
