<annotation>
	<folder>beijingduck</folder>
	<filename>beijingduck (86).jpg</filename>
	<path>D:\downloads\fooDetector\beijingduck\beijingduck (86).jpg</path>
	<source>
		<database>Unknown</database>
	</source>
	<size>
		<width>1468</width>
		<height>786</height>
		<depth>3</depth>
	</size>
	<segmented>0</segmented>
	<object>
		<name>beijingduck</name>
		<pose>Unspecified</pose>
		<truncated>0</truncated>
		<difficult>0</difficult>
		<bndbox>
			<xmin>111</xmin>
			<ymin>2</ymin>
			<xmax>990</xmax>
			<ymax>342</ymax>
		</bndbox>
	</object>
</annotation>
