<annotation>
	<folder>beijingduck</folder>
	<filename>beijingduck (1).jpg</filename>
	<path>D:\downloads\fooDetector\beijingduck\beijingduck (1).jpg</path>
	<source>
		<database>Unknown</database>
	</source>
	<size>
		<width>450</width>
		<height>300</height>
		<depth>3</depth>
	</size>
	<segmented>0</segmented>
	<object>
		<name>beijingduck</name>
		<pose>Unspecified</pose>
		<truncated>0</truncated>
		<difficult>0</difficult>
		<bndbox>
			<xmin>54</xmin>
			<ymin>44</ymin>
			<xmax>392</xmax>
			<ymax>279</ymax>
		</bndbox>
	</object>
</annotation>
