<annotation>
	<folder>beijingduck</folder>
	<filename>beijingduck (18).jpg</filename>
	<path>D:\downloads\fooDetector\beijingduck\beijingduck (18).jpg</path>
	<source>
		<database>Unknown</database>
	</source>
	<size>
		<width>3512</width>
		<height>2461</height>
		<depth>3</depth>
	</size>
	<segmented>0</segmented>
	<object>
		<name>beijingduck</name>
		<pose>Unspecified</pose>
		<truncated>0</truncated>
		<difficult>0</difficult>
		<bndbox>
			<xmin>1417</xmin>
			<ymin>783</ymin>
			<xmax>2922</xmax>
			<ymax>2317</ymax>
		</bndbox>
	</object>
</annotation>
