<annotation>
	<folder>beijingduck</folder>
	<filename>beijingduck (39).jpg</filename>
	<path>D:\downloads\fooDetector\beijingduck\beijingduck (39).jpg</path>
	<source>
		<database>Unknown</database>
	</source>
	<size>
		<width>2400</width>
		<height>1600</height>
		<depth>3</depth>
	</size>
	<segmented>0</segmented>
	<object>
		<name>beijingduck</name>
		<pose>Unspecified</pose>
		<truncated>0</truncated>
		<difficult>0</difficult>
		<bndbox>
			<xmin>107</xmin>
			<ymin>539</ymin>
			<xmax>1313</xmax>
			<ymax>1439</ymax>
		</bndbox>
	</object>
	<object>
		<name>beijingduck</name>
		<pose>Unspecified</pose>
		<truncated>0</truncated>
		<difficult>0</difficult>
		<bndbox>
			<xmin>1480</xmin>
			<ymin>239</ymin>
			<xmax>2350</xmax>
			<ymax>789</ymax>
		</bndbox>
	</object>
</annotation>
