<annotation>
	<folder>beijingduck</folder>
	<filename>beijingduck (83).jpg</filename>
	<path>D:\downloads\fooDetector\beijingduck\beijingduck (83).jpg</path>
	<source>
		<database>Unknown</database>
	</source>
	<size>
		<width>1250</width>
		<height>714</height>
		<depth>3</depth>
	</size>
	<segmented>0</segmented>
	<object>
		<name>beijingduck</name>
		<pose>Unspecified</pose>
		<truncated>0</truncated>
		<difficult>0</difficult>
		<bndbox>
			<xmin>233</xmin>
			<ymin>25</ymin>
			<xmax>711</xmax>
			<ymax>180</ymax>
		</bndbox>
	</object>
</annotation>
