<annotation>
	<folder>beijingduck</folder>
	<filename>beijingduck (36).jpg</filename>
	<path>D:\downloads\fooDetector\beijingduck\beijingduck (36).jpg</path>
	<source>
		<database>Unknown</database>
	</source>
	<size>
		<width>750</width>
		<height>422</height>
		<depth>3</depth>
	</size>
	<segmented>0</segmented>
	<object>
		<name>beijingduck</name>
		<pose>Unspecified</pose>
		<truncated>0</truncated>
		<difficult>0</difficult>
		<bndbox>
			<xmin>324</xmin>
			<ymin>35</ymin>
			<xmax>677</xmax>
			<ymax>173</ymax>
		</bndbox>
	</object>
	<object>
		<name>beijingduck</name>
		<pose>Unspecified</pose>
		<truncated>1</truncated>
		<difficult>0</difficult>
		<bndbox>
			<xmin>193</xmin>
			<ymin>149</ymin>
			<xmax>689</xmax>
			<ymax>422</ymax>
		</bndbox>
	</object>
</annotation>
