<annotation>
	<folder>beijingduck</folder>
	<filename>beijingduck (43).jpg</filename>
	<path>D:\downloads\fooDetector\beijingduck\beijingduck (43).jpg</path>
	<source>
		<database>Unknown</database>
	</source>
	<size>
		<width>730</width>
		<height>546</height>
		<depth>3</depth>
	</size>
	<segmented>0</segmented>
	<object>
		<name>beijingduck</name>
		<pose>Unspecified</pose>
		<truncated>0</truncated>
		<difficult>0</difficult>
		<bndbox>
			<xmin>37</xmin>
			<ymin>79</ymin>
			<xmax>711</xmax>
			<ymax>463</ymax>
		</bndbox>
	</object>
</annotation>
