<annotation>
	<folder>beijingduck</folder>
	<filename>beijingduck (49).jpg</filename>
	<path>D:\downloads\fooDetector\beijingduck\beijingduck (49).jpg</path>
	<source>
		<database>Unknown</database>
	</source>
	<size>
		<width>1500</width>
		<height>1125</height>
		<depth>3</depth>
	</size>
	<segmented>0</segmented>
	<object>
		<name>beijingduck</name>
		<pose>Unspecified</pose>
		<truncated>0</truncated>
		<difficult>0</difficult>
		<bndbox>
			<xmin>191</xmin>
			<ymin>251</ymin>
			<xmax>1052</xmax>
			<ymax>922</ymax>
		</bndbox>
	</object>
</annotation>
