<annotation>
	<folder>beijingduck</folder>
	<filename>beijingduck (41).jpg</filename>
	<path>D:\downloads\fooDetector\beijingduck\beijingduck (41).jpg</path>
	<source>
		<database>Unknown</database>
	</source>
	<size>
		<width>600</width>
		<height>450</height>
		<depth>3</depth>
	</size>
	<segmented>0</segmented>
	<object>
		<name>beijingduck</name>
		<pose>Unspecified</pose>
		<truncated>0</truncated>
		<difficult>0</difficult>
		<bndbox>
			<xmin>107</xmin>
			<ymin>120</ymin>
			<xmax>583</xmax>
			<ymax>337</ymax>
		</bndbox>
	</object>
</annotation>
