<annotation>
	<folder>beijingduck</folder>
	<filename>beijingduck (102).jpg</filename>
	<path>D:\downloads\fooDetector\beijingduck\beijingduck (102).jpg</path>
	<source>
		<database>Unknown</database>
	</source>
	<size>
		<width>1600</width>
		<height>1087</height>
		<depth>3</depth>
	</size>
	<segmented>0</segmented>
	<object>
		<name>beijingduck</name>
		<pose>Unspecified</pose>
		<truncated>0</truncated>
		<difficult>0</difficult>
		<bndbox>
			<xmin>17</xmin>
			<ymin>415</ymin>
			<xmax>1495</xmax>
			<ymax>1006</ymax>
		</bndbox>
	</object>
</annotation>
