<annotation>
	<folder>beijingduck</folder>
	<filename>beijingduck (100).jpg</filename>
	<path>D:\downloads\fooDetector\beijingduck\beijingduck (100).jpg</path>
	<source>
		<database>Unknown</database>
	</source>
	<size>
		<width>2048</width>
		<height>1367</height>
		<depth>3</depth>
	</size>
	<segmented>0</segmented>
	<object>
		<name>beijingduck</name>
		<pose>Unspecified</pose>
		<truncated>0</truncated>
		<difficult>0</difficult>
		<bndbox>
			<xmin>728</xmin>
			<ymin>2</ymin>
			<xmax>2029</xmax>
			<ymax>552</ymax>
		</bndbox>
	</object>
</annotation>
