<annotation>
	<folder>beijingduck</folder>
	<filename>beijingduck (14).jpg</filename>
	<path>D:\downloads\fooDetector\beijingduck\beijingduck (14).jpg</path>
	<source>
		<database>Unknown</database>
	</source>
	<size>
		<width>1024</width>
		<height>768</height>
		<depth>3</depth>
	</size>
	<segmented>0</segmented>
	<object>
		<name>beijingduck</name>
		<pose>Unspecified</pose>
		<truncated>0</truncated>
		<difficult>0</difficult>
		<bndbox>
			<xmin>9</xmin>
			<ymin>56</ymin>
			<xmax>667</xmax>
			<ymax>739</ymax>
		</bndbox>
	</object>
</annotation>
