<annotation>
	<folder>beijingduck</folder>
	<filename>beijingduck (69).jpg</filename>
	<path>D:\downloads\fooDetector\beijingduck\beijingduck (69).jpg</path>
	<source>
		<database>Unknown</database>
	</source>
	<size>
		<width>250</width>
		<height>251</height>
		<depth>3</depth>
	</size>
	<segmented>0</segmented>
	<object>
		<name>beijingduck</name>
		<pose>Unspecified</pose>
		<truncated>1</truncated>
		<difficult>0</difficult>
		<bndbox>
			<xmin>97</xmin>
			<ymin>92</ymin>
			<xmax>250</xmax>
			<ymax>216</ymax>
		</bndbox>
	</object>
</annotation>
