<annotation>
	<folder>beijingduck</folder>
	<filename>beijingduck (109).png</filename>
	<path>D:\downloads\fooDetector\beijingduck\beijingduck (109).png</path>
	<source>
		<database>Unknown</database>
	</source>
	<size>
		<width>920</width>
		<height>663</height>
		<depth>3</depth>
	</size>
	<segmented>0</segmented>
	<object>
		<name>beijingduck</name>
		<pose>Unspecified</pose>
		<truncated>0</truncated>
		<difficult>0</difficult>
		<bndbox>
			<xmin>33</xmin>
			<ymin>150</ymin>
			<xmax>890</xmax>
			<ymax>583</ymax>
		</bndbox>
	</object>
</annotation>
