<annotation>
	<folder>beijingduck</folder>
	<filename>beijingduck (66).jpg</filename>
	<path>D:\downloads\fooDetector\beijingduck\beijingduck (66).jpg</path>
	<source>
		<database>Unknown</database>
	</source>
	<size>
		<width>550</width>
		<height>413</height>
		<depth>3</depth>
	</size>
	<segmented>0</segmented>
	<object>
		<name>beijingduck</name>
		<pose>Unspecified</pose>
		<truncated>0</truncated>
		<difficult>0</difficult>
		<bndbox>
			<xmin>55</xmin>
			<ymin>107</ymin>
			<xmax>455</xmax>
			<ymax>401</ymax>
		</bndbox>
	</object>
</annotation>
