<annotation>
	<folder>beijingduck</folder>
	<filename>beijingduck (7).jpg</filename>
	<path>D:\downloads\fooDetector\beijingduck\beijingduck (7).jpg</path>
	<source>
		<database>Unknown</database>
	</source>
	<size>
		<width>860</width>
		<height>491</height>
		<depth>3</depth>
	</size>
	<segmented>0</segmented>
	<object>
		<name>beijingduck</name>
		<pose>Unspecified</pose>
		<truncated>0</truncated>
		<difficult>0</difficult>
		<bndbox>
			<xmin>27</xmin>
			<ymin>69</ymin>
			<xmax>792</xmax>
			<ymax>438</ymax>
		</bndbox>
	</object>
</annotation>
