<annotation>
	<folder>beijingduck</folder>
	<filename>beijingduck (80).jpg</filename>
	<path>D:\downloads\fooDetector\beijingduck\beijingduck (80).jpg</path>
	<source>
		<database>Unknown</database>
	</source>
	<size>
		<width>900</width>
		<height>1268</height>
		<depth>3</depth>
	</size>
	<segmented>0</segmented>
	<object>
		<name>beijingduck</name>
		<pose>Unspecified</pose>
		<truncated>0</truncated>
		<difficult>0</difficult>
		<bndbox>
			<xmin>5</xmin>
			<ymin>287</ymin>
			<xmax>301</xmax>
			<ymax>725</ymax>
		</bndbox>
	</object>
	<object>
		<name>beijingduck</name>
		<pose>Unspecified</pose>
		<truncated>1</truncated>
		<difficult>0</difficult>
		<bndbox>
			<xmin>725</xmin>
			<ymin>477</ymin>
			<xmax>900</xmax>
			<ymax>579</ymax>
		</bndbox>
	</object>
	<object>
		<name>beijingduck</name>
		<pose>Unspecified</pose>
		<truncated>0</truncated>
		<difficult>0</difficult>
		<bndbox>
			<xmin>159</xmin>
			<ymin>700</ymin>
			<xmax>810</xmax>
			<ymax>1006</ymax>
		</bndbox>
	</object>
</annotation>
