<annotation>
	<folder>beijingduck</folder>
	<filename>beijingduck (9).jpg</filename>
	<path>D:\downloads\fooDetector\beijingduck\beijingduck (9).jpg</path>
	<source>
		<database>Unknown</database>
	</source>
	<size>
		<width>2048</width>
		<height>1152</height>
		<depth>3</depth>
	</size>
	<segmented>0</segmented>
	<object>
		<name>beijingduck</name>
		<pose>Unspecified</pose>
		<truncated>0</truncated>
		<difficult>0</difficult>
		<bndbox>
			<xmin>394</xmin>
			<ymin>18</ymin>
			<xmax>1773</xmax>
			<ymax>1047</ymax>
		</bndbox>
	</object>
</annotation>
