<annotation>
	<folder>beijingduck</folder>
	<filename>beijingduck (53).jpg</filename>
	<path>D:\downloads\fooDetector\beijingduck\beijingduck (53).jpg</path>
	<source>
		<database>Unknown</database>
	</source>
	<size>
		<width>500</width>
		<height>276</height>
		<depth>3</depth>
	</size>
	<segmented>0</segmented>
	<object>
		<name>beijingduck</name>
		<pose>Unspecified</pose>
		<truncated>0</truncated>
		<difficult>0</difficult>
		<bndbox>
			<xmin>26</xmin>
			<ymin>7</ymin>
			<xmax>430</xmax>
			<ymax>262</ymax>
		</bndbox>
	</object>
</annotation>
