<annotation>
	<folder>beijingduck</folder>
	<filename>beijingduck (64).jpg</filename>
	<path>D:\downloads\fooDetector\beijingduck\beijingduck (64).jpg</path>
	<source>
		<database>Unknown</database>
	</source>
	<size>
		<width>800</width>
		<height>533</height>
		<depth>3</depth>
	</size>
	<segmented>0</segmented>
	<object>
		<name>beijingduck</name>
		<pose>Unspecified</pose>
		<truncated>0</truncated>
		<difficult>0</difficult>
		<bndbox>
			<xmin>112</xmin>
			<ymin>139</ymin>
			<xmax>569</xmax>
			<ymax>375</ymax>
		</bndbox>
	</object>
</annotation>
