<annotation>
	<folder>beijingduck</folder>
	<filename>beijingduck (19).jpg</filename>
	<path>D:\downloads\fooDetector\beijingduck\beijingduck (19).jpg</path>
	<source>
		<database>Unknown</database>
	</source>
	<size>
		<width>500</width>
		<height>500</height>
		<depth>3</depth>
	</size>
	<segmented>0</segmented>
	<object>
		<name>beijingduck</name>
		<pose>Unspecified</pose>
		<truncated>1</truncated>
		<difficult>0</difficult>
		<bndbox>
			<xmin>75</xmin>
			<ymin>123</ymin>
			<xmax>500</xmax>
			<ymax>498</ymax>
		</bndbox>
	</object>
</annotation>
