<annotation>
	<folder>beijingduck</folder>
	<filename>beijingduck (60).jpg</filename>
	<path>D:\downloads\fooDetector\beijingduck\beijingduck (60).jpg</path>
	<source>
		<database>Unknown</database>
	</source>
	<size>
		<width>960</width>
		<height>640</height>
		<depth>3</depth>
	</size>
	<segmented>0</segmented>
	<object>
		<name>beijingduck</name>
		<pose>Unspecified</pose>
		<truncated>1</truncated>
		<difficult>0</difficult>
		<bndbox>
			<xmin>1</xmin>
			<ymin>81</ymin>
			<xmax>737</xmax>
			<ymax>640</ymax>
		</bndbox>
	</object>
</annotation>
