<annotation>
	<folder>beijingduck</folder>
	<filename>beijingduck (23).jpg</filename>
	<path>D:\downloads\fooDetector\beijingduck\beijingduck (23).jpg</path>
	<source>
		<database>Unknown</database>
	</source>
	<size>
		<width>800</width>
		<height>531</height>
		<depth>3</depth>
	</size>
	<segmented>0</segmented>
	<object>
		<name>beijingduck</name>
		<pose>Unspecified</pose>
		<truncated>0</truncated>
		<difficult>0</difficult>
		<bndbox>
			<xmin>56</xmin>
			<ymin>93</ymin>
			<xmax>723</xmax>
			<ymax>404</ymax>
		</bndbox>
	</object>
</annotation>
