<annotation>
	<folder>beijingduck</folder>
	<filename>beijingduck (72).jpg</filename>
	<path>D:\downloads\fooDetector\beijingduck\beijingduck (72).jpg</path>
	<source>
		<database>Unknown</database>
	</source>
	<size>
		<width>2048</width>
		<height>2048</height>
		<depth>3</depth>
	</size>
	<segmented>0</segmented>
	<object>
		<name>beijingduck</name>
		<pose>Unspecified</pose>
		<truncated>0</truncated>
		<difficult>0</difficult>
		<bndbox>
			<xmin>15</xmin>
			<ymin>236</ymin>
			<xmax>1153</xmax>
			<ymax>1273</ymax>
		</bndbox>
	</object>
</annotation>
