<annotation>
	<folder>beijingduck</folder>
	<filename>beijingduck (78).jpg</filename>
	<path>D:\downloads\fooDetector\beijingduck\beijingduck (78).jpg</path>
	<source>
		<database>Unknown</database>
	</source>
	<size>
		<width>4032</width>
		<height>3024</height>
		<depth>3</depth>
	</size>
	<segmented>0</segmented>
	<object>
		<name>beijingduck</name>
		<pose>Unspecified</pose>
		<truncated>0</truncated>
		<difficult>0</difficult>
		<bndbox>
			<xmin>229</xmin>
			<ymin>320</ymin>
			<xmax>4023</xmax>
			<ymax>2727</ymax>
		</bndbox>
	</object>
</annotation>
