<annotation>
	<folder>beijingduck</folder>
	<filename>beijingduck (95).jpg</filename>
	<path>D:\downloads\fooDetector\beijingduck\beijingduck (95).jpg</path>
	<source>
		<database>Unknown</database>
	</source>
	<size>
		<width>550</width>
		<height>367</height>
		<depth>3</depth>
	</size>
	<segmented>0</segmented>
	<object>
		<name>beijingduck</name>
		<pose>Unspecified</pose>
		<truncated>0</truncated>
		<difficult>0</difficult>
		<bndbox>
			<xmin>205</xmin>
			<ymin>78</ymin>
			<xmax>362</xmax>
			<ymax>223</ymax>
		</bndbox>
	</object>
</annotation>
