<annotation>
	<folder>beijingduck</folder>
	<filename>beijingduck (30).jpg</filename>
	<path>D:\downloads\fooDetector\beijingduck\beijingduck (30).jpg</path>
	<source>
		<database>Unknown</database>
	</source>
	<size>
		<width>550</width>
		<height>348</height>
		<depth>3</depth>
	</size>
	<segmented>0</segmented>
	<object>
		<name>beijingduck</name>
		<pose>Unspecified</pose>
		<truncated>1</truncated>
		<difficult>0</difficult>
		<bndbox>
			<xmin>19</xmin>
			<ymin>84</ymin>
			<xmax>400</xmax>
			<ymax>348</ymax>
		</bndbox>
	</object>
	<object>
		<name>beijingduck</name>
		<pose>Unspecified</pose>
		<truncated>0</truncated>
		<difficult>0</difficult>
		<bndbox>
			<xmin>58</xmin>
			<ymin>7</ymin>
			<xmax>203</xmax>
			<ymax>84</ymax>
		</bndbox>
	</object>
</annotation>
