<annotation>
	<folder>beijingduck</folder>
	<filename>beijingduck (38).jpg</filename>
	<path>D:\downloads\fooDetector\beijingduck\beijingduck (38).jpg</path>
	<source>
		<database>Unknown</database>
	</source>
	<size>
		<width>1000</width>
		<height>664</height>
		<depth>3</depth>
	</size>
	<segmented>0</segmented>
	<object>
		<name>beijingduck</name>
		<pose>Unspecified</pose>
		<truncated>0</truncated>
		<difficult>0</difficult>
		<bndbox>
			<xmin>172</xmin>
			<ymin>41</ymin>
			<xmax>739</xmax>
			<ymax>402</ymax>
		</bndbox>
	</object>
</annotation>
