<annotation>
	<folder>beijingduck</folder>
	<filename>beijingduck (28).jpg</filename>
	<path>D:\downloads\fooDetector\beijingduck\beijingduck (28).jpg</path>
	<source>
		<database>Unknown</database>
	</source>
	<size>
		<width>1400</width>
		<height>1400</height>
		<depth>3</depth>
	</size>
	<segmented>0</segmented>
	<object>
		<name>beijingduck</name>
		<pose>Unspecified</pose>
		<truncated>1</truncated>
		<difficult>0</difficult>
		<bndbox>
			<xmin>521</xmin>
			<ymin>201</ymin>
			<xmax>1400</xmax>
			<ymax>1056</ymax>
		</bndbox>
	</object>
</annotation>
