<annotation>
	<folder>beijingduck</folder>
	<filename>beijingduck (29).jpg</filename>
	<path>D:\downloads\fooDetector\beijingduck\beijingduck (29).jpg</path>
	<source>
		<database>Unknown</database>
	</source>
	<size>
		<width>768</width>
		<height>432</height>
		<depth>3</depth>
	</size>
	<segmented>0</segmented>
	<object>
		<name>beijingduck</name>
		<pose>Unspecified</pose>
		<truncated>1</truncated>
		<difficult>0</difficult>
		<bndbox>
			<xmin>16</xmin>
			<ymin>1</ymin>
			<xmax>502</xmax>
			<ymax>432</ymax>
		</bndbox>
	</object>
</annotation>
