<annotation>
	<folder>beijingduck</folder>
	<filename>beijingduck (4).jpg</filename>
	<path>D:\downloads\fooDetector\beijingduck\beijingduck (4).jpg</path>
	<source>
		<database>Unknown</database>
	</source>
	<size>
		<width>5760</width>
		<height>3840</height>
		<depth>3</depth>
	</size>
	<segmented>0</segmented>
	<object>
		<name>beijingduck</name>
		<pose>Unspecified</pose>
		<truncated>0</truncated>
		<difficult>0</difficult>
		<bndbox>
			<xmin>2032</xmin>
			<ymin>1197</ymin>
			<xmax>4189</xmax>
			<ymax>3424</ymax>
		</bndbox>
	</object>
</annotation>
