<annotation>
	<folder>beijingduck</folder>
	<filename>beijingduck (21).jpg</filename>
	<path>D:\downloads\fooDetector\beijingduck\beijingduck (21).jpg</path>
	<source>
		<database>Unknown</database>
	</source>
	<size>
		<width>1189</width>
		<height>803</height>
		<depth>3</depth>
	</size>
	<segmented>0</segmented>
	<object>
		<name>beijingduck</name>
		<pose>Unspecified</pose>
		<truncated>0</truncated>
		<difficult>0</difficult>
		<bndbox>
			<xmin>161</xmin>
			<ymin>55</ymin>
			<xmax>1145</xmax>
			<ymax>682</ymax>
		</bndbox>
	</object>
</annotation>
