<annotation>
	<folder>beijingduck</folder>
	<filename>beijingduck (10).jpg</filename>
	<path>D:\downloads\fooDetector\beijingduck\beijingduck (10).jpg</path>
	<source>
		<database>Unknown</database>
	</source>
	<size>
		<width>1280</width>
		<height>720</height>
		<depth>3</depth>
	</size>
	<segmented>0</segmented>
	<object>
		<name>beijingduck</name>
		<pose>Unspecified</pose>
		<truncated>1</truncated>
		<difficult>0</difficult>
		<bndbox>
			<xmin>162</xmin>
			<ymin>3</ymin>
			<xmax>1122</xmax>
			<ymax>720</ymax>
		</bndbox>
	</object>
</annotation>
