<annotation>
	<folder>beijingduck</folder>
	<filename>beijingduck (77).jpg</filename>
	<path>D:\downloads\fooDetector\beijingduck\beijingduck (77).jpg</path>
	<source>
		<database>Unknown</database>
	</source>
	<size>
		<width>564</width>
		<height>836</height>
		<depth>3</depth>
	</size>
	<segmented>0</segmented>
	<object>
		<name>beijingduck</name>
		<pose>Unspecified</pose>
		<truncated>0</truncated>
		<difficult>0</difficult>
		<bndbox>
			<xmin>117</xmin>
			<ymin>81</ymin>
			<xmax>424</xmax>
			<ymax>734</ymax>
		</bndbox>
	</object>
</annotation>
