<annotation>
	<folder>beijingduck</folder>
	<filename>beijingduck (74).jpg</filename>
	<path>D:\downloads\fooDetector\beijingduck\beijingduck (74).jpg</path>
	<source>
		<database>Unknown</database>
	</source>
	<size>
		<width>1500</width>
		<height>1125</height>
		<depth>3</depth>
	</size>
	<segmented>0</segmented>
	<object>
		<name>beijingduck</name>
		<pose>Unspecified</pose>
		<truncated>0</truncated>
		<difficult>0</difficult>
		<bndbox>
			<xmin>167</xmin>
			<ymin>416</ymin>
			<xmax>1070</xmax>
			<ymax>800</ymax>
		</bndbox>
	</object>
</annotation>
