<annotation>
	<folder>beijingduck</folder>
	<filename>beijingduck (42).jpg</filename>
	<path>D:\downloads\fooDetector\beijingduck\beijingduck (42).jpg</path>
	<source>
		<database>Unknown</database>
	</source>
	<size>
		<width>2560</width>
		<height>1920</height>
		<depth>3</depth>
	</size>
	<segmented>0</segmented>
	<object>
		<name>beijingduck</name>
		<pose>Unspecified</pose>
		<truncated>0</truncated>
		<difficult>0</difficult>
		<bndbox>
			<xmin>113</xmin>
			<ymin>248</ymin>
			<xmax>2512</xmax>
			<ymax>1691</ymax>
		</bndbox>
	</object>
</annotation>
