<annotation>
	<folder>beijingduck</folder>
	<filename>beijingduck (61).jpg</filename>
	<path>D:\downloads\fooDetector\beijingduck\beijingduck (61).jpg</path>
	<source>
		<database>Unknown</database>
	</source>
	<size>
		<width>1200</width>
		<height>800</height>
		<depth>3</depth>
	</size>
	<segmented>0</segmented>
	<object>
		<name>beijingduck</name>
		<pose>Unspecified</pose>
		<truncated>0</truncated>
		<difficult>0</difficult>
		<bndbox>
			<xmin>105</xmin>
			<ymin>79</ymin>
			<xmax>393</xmax>
			<ymax>336</ymax>
		</bndbox>
	</object>
	<object>
		<name>beijingduck</name>
		<pose>Unspecified</pose>
		<truncated>1</truncated>
		<difficult>0</difficult>
		<bndbox>
			<xmin>111</xmin>
			<ymin>543</ymin>
			<xmax>429</xmax>
			<ymax>800</ymax>
		</bndbox>
	</object>
	<object>
		<name>beijingduck</name>
		<pose>Unspecified</pose>
		<truncated>0</truncated>
		<difficult>0</difficult>
		<bndbox>
			<xmin>549</xmin>
			<ymin>196</ymin>
			<xmax>866</xmax>
			<ymax>507</ymax>
		</bndbox>
	</object>
</annotation>
