<annotation>
	<folder>beijingduck</folder>
	<filename>beijingduck (57).jpg</filename>
	<path>D:\downloads\fooDetector\beijingduck\beijingduck (57).jpg</path>
	<source>
		<database>Unknown</database>
	</source>
	<size>
		<width>747</width>
		<height>529</height>
		<depth>3</depth>
	</size>
	<segmented>0</segmented>
	<object>
		<name>beijingduck</name>
		<pose>Unspecified</pose>
		<truncated>0</truncated>
		<difficult>0</difficult>
		<bndbox>
			<xmin>138</xmin>
			<ymin>103</ymin>
			<xmax>632</xmax>
			<ymax>443</ymax>
		</bndbox>
	</object>
</annotation>
