<annotation>
	<folder>beijingduck</folder>
	<filename>beijingduck (51).jpg</filename>
	<path>D:\downloads\fooDetector\beijingduck\beijingduck (51).jpg</path>
	<source>
		<database>Unknown</database>
	</source>
	<size>
		<width>550</width>
		<height>413</height>
		<depth>3</depth>
	</size>
	<segmented>0</segmented>
	<object>
		<name>beijingduck</name>
		<pose>Unspecified</pose>
		<truncated>1</truncated>
		<difficult>0</difficult>
		<bndbox>
			<xmin>1</xmin>
			<ymin>83</ymin>
			<xmax>549</xmax>
			<ymax>322</ymax>
		</bndbox>
	</object>
</annotation>
