<annotation>
	<folder>beijingduck</folder>
	<filename>beijingduck (48).jpg</filename>
	<path>D:\downloads\fooDetector\beijingduck\beijingduck (48).jpg</path>
	<source>
		<database>Unknown</database>
	</source>
	<size>
		<width>2038</width>
		<height>1358</height>
		<depth>3</depth>
	</size>
	<segmented>0</segmented>
	<object>
		<name>beijingduck</name>
		<pose>Unspecified</pose>
		<truncated>0</truncated>
		<difficult>0</difficult>
		<bndbox>
			<xmin>407</xmin>
			<ymin>516</ymin>
			<xmax>1303</xmax>
			<ymax>1188</ymax>
		</bndbox>
	</object>
</annotation>
