<annotation>
	<folder>beijingduck</folder>
	<filename>beijingduck (25).jpg</filename>
	<path>D:\downloads\fooDetector\beijingduck\beijingduck (25).jpg</path>
	<source>
		<database>Unknown</database>
	</source>
	<size>
		<width>1080</width>
		<height>694</height>
		<depth>3</depth>
	</size>
	<segmented>0</segmented>
	<object>
		<name>beijingduck</name>
		<pose>Unspecified</pose>
		<truncated>0</truncated>
		<difficult>0</difficult>
		<bndbox>
			<xmin>2</xmin>
			<ymin>50</ymin>
			<xmax>745</xmax>
			<ymax>673</ymax>
		</bndbox>
	</object>
</annotation>
