<annotation>
	<folder>beijingduck</folder>
	<filename>beijingduck (13).jpg</filename>
	<path>D:\downloads\fooDetector\beijingduck\beijingduck (13).jpg</path>
	<source>
		<database>Unknown</database>
	</source>
	<size>
		<width>1024</width>
		<height>640</height>
		<depth>3</depth>
	</size>
	<segmented>0</segmented>
	<object>
		<name>beijingduck</name>
		<pose>Unspecified</pose>
		<truncated>0</truncated>
		<difficult>0</difficult>
		<bndbox>
			<xmin>385</xmin>
			<ymin>267</ymin>
			<xmax>908</xmax>
			<ymax>548</ymax>
		</bndbox>
	</object>
</annotation>
