<annotation>
	<folder>beijingduck</folder>
	<filename>beijingduck (73).jpg</filename>
	<path>D:\downloads\fooDetector\beijingduck\beijingduck (73).jpg</path>
	<source>
		<database>Unknown</database>
	</source>
	<size>
		<width>1440</width>
		<height>1056</height>
		<depth>3</depth>
	</size>
	<segmented>0</segmented>
	<object>
		<name>beijingduck</name>
		<pose>Unspecified</pose>
		<truncated>0</truncated>
		<difficult>0</difficult>
		<bndbox>
			<xmin>200</xmin>
			<ymin>130</ymin>
			<xmax>1338</xmax>
			<ymax>979</ymax>
		</bndbox>
	</object>
</annotation>
