<annotation>
	<folder>beijingduck</folder>
	<filename>beijingduck (104).jpg</filename>
	<path>D:\downloads\fooDetector\beijingduck\beijingduck (104).jpg</path>
	<source>
		<database>Unknown</database>
	</source>
	<size>
		<width>750</width>
		<height>560</height>
		<depth>3</depth>
	</size>
	<segmented>0</segmented>
	<object>
		<name>beijingduck</name>
		<pose>Unspecified</pose>
		<truncated>0</truncated>
		<difficult>0</difficult>
		<bndbox>
			<xmin>96</xmin>
			<ymin>144</ymin>
			<xmax>613</xmax>
			<ymax>556</ymax>
		</bndbox>
	</object>
</annotation>
