<annotation>
	<folder>beijingduck</folder>
	<filename>beijingduck (47).jpg</filename>
	<path>D:\downloads\fooDetector\beijingduck\beijingduck (47).jpg</path>
	<source>
		<database>Unknown</database>
	</source>
	<size>
		<width>550</width>
		<height>367</height>
		<depth>3</depth>
	</size>
	<segmented>0</segmented>
	<object>
		<name>beijingduck</name>
		<pose>Unspecified</pose>
		<truncated>0</truncated>
		<difficult>0</difficult>
		<bndbox>
			<xmin>72</xmin>
			<ymin>23</ymin>
			<xmax>428</xmax>
			<ymax>199</ymax>
		</bndbox>
	</object>
</annotation>
