<annotation>
	<folder>beijingduck</folder>
	<filename>beijingduck (34).jpg</filename>
	<path>D:\downloads\fooDetector\beijingduck\beijingduck (34).jpg</path>
	<source>
		<database>Unknown</database>
	</source>
	<size>
		<width>600</width>
		<height>399</height>
		<depth>3</depth>
	</size>
	<segmented>0</segmented>
	<object>
		<name>beijingduck</name>
		<pose>Unspecified</pose>
		<truncated>0</truncated>
		<difficult>0</difficult>
		<bndbox>
			<xmin>23</xmin>
			<ymin>188</ymin>
			<xmax>341</xmax>
			<ymax>367</ymax>
		</bndbox>
	</object>
</annotation>
