<annotation>
	<folder>beijingduck</folder>
	<filename>beijingduck (32).jpg</filename>
	<path>D:\downloads\fooDetector\beijingduck\beijingduck (32).jpg</path>
	<source>
		<database>Unknown</database>
	</source>
	<size>
		<width>540</width>
		<height>405</height>
		<depth>3</depth>
	</size>
	<segmented>0</segmented>
	<object>
		<name>beijingduck</name>
		<pose>Unspecified</pose>
		<truncated>0</truncated>
		<difficult>0</difficult>
		<bndbox>
			<xmin>24</xmin>
			<ymin>29</ymin>
			<xmax>520</xmax>
			<ymax>310</ymax>
		</bndbox>
	</object>
</annotation>
