<annotation>
	<folder>beijingduck</folder>
	<filename>beijingduck (106).png</filename>
	<path>D:\downloads\fooDetector\beijingduck\beijingduck (106).png</path>
	<source>
		<database>Unknown</database>
	</source>
	<size>
		<width>0</width>
		<height>0</height>
		<depth>3</depth>
	</size>
	<segmented>0</segmented>
	<object>
		<name>beijingduck</name>
		<pose>Unspecified</pose>
		<truncated>0</truncated>
		<difficult>0</difficult>
		<bndbox>
			<xmin>86</xmin>
			<ymin>62</ymin>
			<xmax>503</xmax>
			<ymax>276</ymax>
		</bndbox>
	</object>
</annotation>
