<annotation>
	<folder>beijingduck</folder>
	<filename>beijingduck (75).jpg</filename>
	<path>D:\downloads\fooDetector\beijingduck\beijingduck (75).jpg</path>
	<source>
		<database>Unknown</database>
	</source>
	<size>
		<width>1000</width>
		<height>555</height>
		<depth>3</depth>
	</size>
	<segmented>0</segmented>
	<object>
		<name>beijingduck</name>
		<pose>Unspecified</pose>
		<truncated>0</truncated>
		<difficult>0</difficult>
		<bndbox>
			<xmin>174</xmin>
			<ymin>225</ymin>
			<xmax>744</xmax>
			<ymax>461</ymax>
		</bndbox>
	</object>
</annotation>
