<annotation>
	<folder>beijingduck</folder>
	<filename>beijingduck (44).jpg</filename>
	<path>D:\downloads\fooDetector\beijingduck\beijingduck (44).jpg</path>
	<source>
		<database>Unknown</database>
	</source>
	<size>
		<width>900</width>
		<height>600</height>
		<depth>3</depth>
	</size>
	<segmented>0</segmented>
	<object>
		<name>beijingduck</name>
		<pose>Unspecified</pose>
		<truncated>0</truncated>
		<difficult>0</difficult>
		<bndbox>
			<xmin>95</xmin>
			<ymin>140</ymin>
			<xmax>822</xmax>
			<ymax>515</ymax>
		</bndbox>
	</object>
</annotation>
