<annotation>
	<folder>beijingduck</folder>
	<filename>beijingduck (2).jpg</filename>
	<path>D:\downloads\fooDetector\beijingduck\beijingduck (2).jpg</path>
	<source>
		<database>Unknown</database>
	</source>
	<size>
		<width>450</width>
		<height>375</height>
		<depth>3</depth>
	</size>
	<segmented>0</segmented>
	<object>
		<name>beijingduck</name>
		<pose>Unspecified</pose>
		<truncated>0</truncated>
		<difficult>0</difficult>
		<bndbox>
			<xmin>20</xmin>
			<ymin>119</ymin>
			<xmax>443</xmax>
			<ymax>314</ymax>
		</bndbox>
	</object>
</annotation>
