<annotation>
	<folder>beijingduck</folder>
	<filename>beijingduck (54).jpg</filename>
	<path>D:\downloads\fooDetector\beijingduck\beijingduck (54).jpg</path>
	<source>
		<database>Unknown</database>
	</source>
	<size>
		<width>450</width>
		<height>450</height>
		<depth>3</depth>
	</size>
	<segmented>0</segmented>
	<object>
		<name>beijingduck</name>
		<pose>Unspecified</pose>
		<truncated>1</truncated>
		<difficult>0</difficult>
		<bndbox>
			<xmin>19</xmin>
			<ymin>110</ymin>
			<xmax>450</xmax>
			<ymax>346</ymax>
		</bndbox>
	</object>
</annotation>
