<annotation>
	<folder>beijingduck</folder>
	<filename>beijingduck (103).jpg</filename>
	<path>D:\downloads\fooDetector\beijingduck\beijingduck (103).jpg</path>
	<source>
		<database>Unknown</database>
	</source>
	<size>
		<width>745</width>
		<height>559</height>
		<depth>3</depth>
	</size>
	<segmented>0</segmented>
	<object>
		<name>beijingduck</name>
		<pose>Unspecified</pose>
		<truncated>0</truncated>
		<difficult>0</difficult>
		<bndbox>
			<xmin>99</xmin>
			<ymin>179</ymin>
			<xmax>639</xmax>
			<ymax>429</ymax>
		</bndbox>
	</object>
	<object>
		<name>beijingduck</name>
		<pose>Unspecified</pose>
		<truncated>0</truncated>
		<difficult>0</difficult>
		<bndbox>
			<xmin>4</xmin>
			<ymin>19</ymin>
			<xmax>318</xmax>
			<ymax>159</ymax>
		</bndbox>
	</object>
</annotation>
