<annotation>
	<folder>beijingduck</folder>
	<filename>beijingduck (40).jpg</filename>
	<path>D:\downloads\fooDetector\beijingduck\beijingduck (40).jpg</path>
	<source>
		<database>Unknown</database>
	</source>
	<size>
		<width>449</width>
		<height>300</height>
		<depth>3</depth>
	</size>
	<segmented>0</segmented>
	<object>
		<name>beijingduck</name>
		<pose>Unspecified</pose>
		<truncated>1</truncated>
		<difficult>0</difficult>
		<bndbox>
			<xmin>92</xmin>
			<ymin>110</ymin>
			<xmax>449</xmax>
			<ymax>287</ymax>
		</bndbox>
	</object>
</annotation>
