<annotation>
	<folder>beijingduck</folder>
	<filename>beijingduck (88).jpg</filename>
	<path>D:\downloads\fooDetector\beijingduck\beijingduck (88).jpg</path>
	<source>
		<database>Unknown</database>
	</source>
	<size>
		<width>800</width>
		<height>549</height>
		<depth>3</depth>
	</size>
	<segmented>0</segmented>
	<object>
		<name>beijingduck</name>
		<pose>Unspecified</pose>
		<truncated>0</truncated>
		<difficult>0</difficult>
		<bndbox>
			<xmin>185</xmin>
			<ymin>299</ymin>
			<xmax>471</xmax>
			<ymax>503</ymax>
		</bndbox>
	</object>
</annotation>
