<annotation>
	<folder>beijingduck</folder>
	<filename>beijingduck (97).jpg</filename>
	<path>D:\downloads\fooDetector\beijingduck\beijingduck (97).jpg</path>
	<source>
		<database>Unknown</database>
	</source>
	<size>
		<width>900</width>
		<height>600</height>
		<depth>3</depth>
	</size>
	<segmented>0</segmented>
	<object>
		<name>beijingduck</name>
		<pose>Unspecified</pose>
		<truncated>0</truncated>
		<difficult>0</difficult>
		<bndbox>
			<xmin>25</xmin>
			<ymin>206</ymin>
			<xmax>880</xmax>
			<ymax>525</ymax>
		</bndbox>
	</object>
</annotation>
