<annotation>
	<folder>beijingduck</folder>
	<filename>beijingduck (79).jpg</filename>
	<path>D:\downloads\fooDetector\beijingduck\beijingduck (79).jpg</path>
	<source>
		<database>Unknown</database>
	</source>
	<size>
		<width>700</width>
		<height>467</height>
		<depth>3</depth>
	</size>
	<segmented>0</segmented>
	<object>
		<name>beijingduck</name>
		<pose>Unspecified</pose>
		<truncated>0</truncated>
		<difficult>0</difficult>
		<bndbox>
			<xmin>81</xmin>
			<ymin>90</ymin>
			<xmax>480</xmax>
			<ymax>295</ymax>
		</bndbox>
	</object>
</annotation>
