<annotation>
	<folder>beijingduck</folder>
	<filename>beijingduck (91).jpg</filename>
	<path>D:\downloads\fooDetector\beijingduck\beijingduck (91).jpg</path>
	<source>
		<database>Unknown</database>
	</source>
	<size>
		<width>550</width>
		<height>361</height>
		<depth>3</depth>
	</size>
	<segmented>0</segmented>
	<object>
		<name>beijingduck</name>
		<pose>Unspecified</pose>
		<truncated>0</truncated>
		<difficult>0</difficult>
		<bndbox>
			<xmin>3</xmin>
			<ymin>148</ymin>
			<xmax>360</xmax>
			<ymax>337</ymax>
		</bndbox>
	</object>
</annotation>
