<annotation>
	<folder>beijingduck</folder>
	<filename>beijingduck (20).jpg</filename>
	<path>D:\downloads\fooDetector\beijingduck\beijingduck (20).jpg</path>
	<source>
		<database>Unknown</database>
	</source>
	<size>
		<width>500</width>
		<height>384</height>
		<depth>3</depth>
	</size>
	<segmented>0</segmented>
	<object>
		<name>beijingduck</name>
		<pose>Unspecified</pose>
		<truncated>0</truncated>
		<difficult>0</difficult>
		<bndbox>
			<xmin>22</xmin>
			<ymin>31</ymin>
			<xmax>474</xmax>
			<ymax>290</ymax>
		</bndbox>
	</object>
</annotation>
