<annotation>
	<folder>beijingduck</folder>
	<filename>beijingduck (11).jpg</filename>
	<path>D:\downloads\fooDetector\beijingduck\beijingduck (11).jpg</path>
	<source>
		<database>Unknown</database>
	</source>
	<size>
		<width>450</width>
		<height>300</height>
		<depth>3</depth>
	</size>
	<segmented>0</segmented>
	<object>
		<name>beijingduck</name>
		<pose>Unspecified</pose>
		<truncated>0</truncated>
		<difficult>0</difficult>
		<bndbox>
			<xmin>219</xmin>
			<ymin>92</ymin>
			<xmax>428</xmax>
			<ymax>226</ymax>
		</bndbox>
	</object>
	<object>
		<name>beijingduck</name>
		<pose>Unspecified</pose>
		<truncated>0</truncated>
		<difficult>0</difficult>
		<bndbox>
			<xmin>36</xmin>
			<ymin>140</ymin>
			<xmax>257</xmax>
			<ymax>281</ymax>
		</bndbox>
	</object>
</annotation>
