<annotation>
	<folder>beijingduck</folder>
	<filename>beijingduck (94).jpg</filename>
	<path>D:\downloads\fooDetector\beijingduck\beijingduck (94).jpg</path>
	<source>
		<database>Unknown</database>
	</source>
	<size>
		<width>4912</width>
		<height>2760</height>
		<depth>3</depth>
	</size>
	<segmented>0</segmented>
	<object>
		<name>beijingduck</name>
		<pose>Unspecified</pose>
		<truncated>0</truncated>
		<difficult>0</difficult>
		<bndbox>
			<xmin>1764</xmin>
			<ymin>980</ymin>
			<xmax>4821</xmax>
			<ymax>2610</ymax>
		</bndbox>
	</object>
</annotation>
