<annotation>
	<folder>beijingduck</folder>
	<filename>beijingduck (71).jpg</filename>
	<path>D:\downloads\fooDetector\beijingduck\beijingduck (71).jpg</path>
	<source>
		<database>Unknown</database>
	</source>
	<size>
		<width>800</width>
		<height>600</height>
		<depth>3</depth>
	</size>
	<segmented>0</segmented>
	<object>
		<name>beijingduck</name>
		<pose>Unspecified</pose>
		<truncated>1</truncated>
		<difficult>0</difficult>
		<bndbox>
			<xmin>3</xmin>
			<ymin>60</ymin>
			<xmax>800</xmax>
			<ymax>535</ymax>
		</bndbox>
	</object>
</annotation>
