<annotation>
	<folder>beijingduck</folder>
	<filename>beijingduck (76).jpg</filename>
	<path>D:\downloads\fooDetector\beijingduck\beijingduck (76).jpg</path>
	<source>
		<database>Unknown</database>
	</source>
	<size>
		<width>300</width>
		<height>225</height>
		<depth>3</depth>
	</size>
	<segmented>0</segmented>
	<object>
		<name>beijingduck</name>
		<pose>Unspecified</pose>
		<truncated>1</truncated>
		<difficult>0</difficult>
		<bndbox>
			<xmin>62</xmin>
			<ymin>1</ymin>
			<xmax>297</xmax>
			<ymax>202</ymax>
		</bndbox>
	</object>
</annotation>
