<annotation>
	<folder>beijingduck</folder>
	<filename>beijingduck (108).png</filename>
	<path>D:\downloads\fooDetector\beijingduck\beijingduck (108).png</path>
	<source>
		<database>Unknown</database>
	</source>
	<size>
		<width>600</width>
		<height>337</height>
		<depth>3</depth>
	</size>
	<segmented>0</segmented>
	<object>
		<name>beijingduck</name>
		<pose>Unspecified</pose>
		<truncated>0</truncated>
		<difficult>0</difficult>
		<bndbox>
			<xmin>301</xmin>
			<ymin>168</ymin>
			<xmax>376</xmax>
			<ymax>259</ymax>
		</bndbox>
	</object>
</annotation>
