<annotation>
	<folder>beijingduck</folder>
	<filename>beijingduck (85).jpg</filename>
	<path>D:\downloads\fooDetector\beijingduck\beijingduck (85).jpg</path>
	<source>
		<database>Unknown</database>
	</source>
	<size>
		<width>669</width>
		<height>446</height>
		<depth>3</depth>
	</size>
	<segmented>0</segmented>
	<object>
		<name>beijingduck</name>
		<pose>Unspecified</pose>
		<truncated>0</truncated>
		<difficult>0</difficult>
		<bndbox>
			<xmin>269</xmin>
			<ymin>229</ymin>
			<xmax>542</xmax>
			<ymax>352</ymax>
		</bndbox>
	</object>
</annotation>
