<annotation>
	<folder>bibimbap</folder>
	<filename>bibimbap (35).jpg</filename>
	<path>D:\downloads\fooDetector\bibimbap\bibimbap (35).jpg</path>
	<source>
		<database>Unknown</database>
	</source>
	<size>
		<width>1024</width>
		<height>682</height>
		<depth>3</depth>
	</size>
	<segmented>0</segmented>
	<object>
		<name>bibimbap</name>
		<pose>Unspecified</pose>
		<truncated>0</truncated>
		<difficult>0</difficult>
		<bndbox>
			<xmin>438</xmin>
			<ymin>352</ymin>
			<xmax>798</xmax>
			<ymax>547</ymax>
		</bndbox>
	</object>
</annotation>
