<annotation>
	<folder>bibimbap</folder>
	<filename>bibimbap (52).jpg</filename>
	<path>D:\downloads\fooDetector\bibimbap\bibimbap (52).jpg</path>
	<source>
		<database>Unknown</database>
	</source>
	<size>
		<width>600</width>
		<height>600</height>
		<depth>3</depth>
	</size>
	<segmented>0</segmented>
	<object>
		<name>bibimbap</name>
		<pose>Unspecified</pose>
		<truncated>0</truncated>
		<difficult>0</difficult>
		<bndbox>
			<xmin>24</xmin>
			<ymin>212</ymin>
			<xmax>485</xmax>
			<ymax>519</ymax>
		</bndbox>
	</object>
</annotation>
