<annotation>
	<folder>bibimbap</folder>
	<filename>bibimbap (68).jpg</filename>
	<path>D:\downloads\fooDetector\bibimbap\bibimbap (68).jpg</path>
	<source>
		<database>Unknown</database>
	</source>
	<size>
		<width>338</width>
		<height>450</height>
		<depth>3</depth>
	</size>
	<segmented>0</segmented>
	<object>
		<name>bibimbap</name>
		<pose>Unspecified</pose>
		<truncated>1</truncated>
		<difficult>0</difficult>
		<bndbox>
			<xmin>11</xmin>
			<ymin>104</ymin>
			<xmax>338</xmax>
			<ymax>379</ymax>
		</bndbox>
	</object>
</annotation>
