<annotation>
	<folder>bibimbap</folder>
	<filename>bibimbap (72).jpg</filename>
	<path>D:\downloads\fooDetector\bibimbap\bibimbap (72).jpg</path>
	<source>
		<database>Unknown</database>
	</source>
	<size>
		<width>805</width>
		<height>424</height>
		<depth>3</depth>
	</size>
	<segmented>0</segmented>
	<object>
		<name>bibimbap</name>
		<pose>Unspecified</pose>
		<truncated>0</truncated>
		<difficult>0</difficult>
		<bndbox>
			<xmin>184</xmin>
			<ymin>73</ymin>
			<xmax>578</xmax>
			<ymax>331</ymax>
		</bndbox>
	</object>
</annotation>
