<annotation>
	<folder>bibimbap</folder>
	<filename>bibimbap (73).jpg</filename>
	<path>D:\downloads\fooDetector\bibimbap\bibimbap (73).jpg</path>
	<source>
		<database>Unknown</database>
	</source>
	<size>
		<width>1024</width>
		<height>576</height>
		<depth>3</depth>
	</size>
	<segmented>0</segmented>
	<object>
		<name>bibimbap</name>
		<pose>Unspecified</pose>
		<truncated>0</truncated>
		<difficult>0</difficult>
		<bndbox>
			<xmin>396</xmin>
			<ymin>118</ymin>
			<xmax>919</xmax>
			<ymax>523</ymax>
		</bndbox>
	</object>
</annotation>
