<annotation>
	<folder>bibimbap</folder>
	<filename>bibimbap (60).jpg</filename>
	<path>D:\downloads\fooDetector\bibimbap\bibimbap (60).jpg</path>
	<source>
		<database>Unknown</database>
	</source>
	<size>
		<width>640</width>
		<height>359</height>
		<depth>3</depth>
	</size>
	<segmented>0</segmented>
	<object>
		<name>bibimbap</name>
		<pose>Unspecified</pose>
		<truncated>1</truncated>
		<difficult>0</difficult>
		<bndbox>
			<xmin>138</xmin>
			<ymin>221</ymin>
			<xmax>353</xmax>
			<ymax>359</ymax>
		</bndbox>
	</object>
</annotation>
