<annotation>
	<folder>bibimbap</folder>
	<filename>bibimbap (48).jpg</filename>
	<path>D:\downloads\fooDetector\bibimbap\bibimbap (48).jpg</path>
	<source>
		<database>Unknown</database>
	</source>
	<size>
		<width>250</width>
		<height>167</height>
		<depth>3</depth>
	</size>
	<segmented>0</segmented>
	<object>
		<name>bibimbap</name>
		<pose>Unspecified</pose>
		<truncated>0</truncated>
		<difficult>0</difficult>
		<bndbox>
			<xmin>48</xmin>
			<ymin>27</ymin>
			<xmax>185</xmax>
			<ymax>155</ymax>
		</bndbox>
	</object>
</annotation>
