<annotation>
	<folder>bibimbap</folder>
	<filename>bibimbap (55).jpg</filename>
	<path>D:\downloads\fooDetector\bibimbap\bibimbap (55).jpg</path>
	<source>
		<database>Unknown</database>
	</source>
	<size>
		<width>1600</width>
		<height>1200</height>
		<depth>3</depth>
	</size>
	<segmented>0</segmented>
	<object>
		<name>bibimbap</name>
		<pose>Unspecified</pose>
		<truncated>0</truncated>
		<difficult>0</difficult>
		<bndbox>
			<xmin>98</xmin>
			<ymin>188</ymin>
			<xmax>1191</xmax>
			<ymax>1091</ymax>
		</bndbox>
	</object>
</annotation>
