<annotation>
	<folder>bibimbap</folder>
	<filename>bibimbap (58).jpg</filename>
	<path>D:\downloads\fooDetector\bibimbap\bibimbap (58).jpg</path>
	<source>
		<database>Unknown</database>
	</source>
	<size>
		<width>960</width>
		<height>720</height>
		<depth>3</depth>
	</size>
	<segmented>0</segmented>
	<object>
		<name>bibimbap</name>
		<pose>Unspecified</pose>
		<truncated>1</truncated>
		<difficult>0</difficult>
		<bndbox>
			<xmin>122</xmin>
			<ymin>101</ymin>
			<xmax>875</xmax>
			<ymax>720</ymax>
		</bndbox>
	</object>
</annotation>
