<annotation>
	<folder>bibimbap</folder>
	<filename>bibimbap (63).jpg</filename>
	<path>D:\downloads\fooDetector\bibimbap\bibimbap (63).jpg</path>
	<source>
		<database>Unknown</database>
	</source>
	<size>
		<width>1600</width>
		<height>1067</height>
		<depth>3</depth>
	</size>
	<segmented>0</segmented>
	<object>
		<name>bibimbap</name>
		<pose>Unspecified</pose>
		<truncated>0</truncated>
		<difficult>0</difficult>
		<bndbox>
			<xmin>329</xmin>
			<ymin>194</ymin>
			<xmax>1252</xmax>
			<ymax>840</ymax>
		</bndbox>
	</object>
</annotation>
