<annotation>
	<folder>bibimbap</folder>
	<filename>bibimbap (16).jpg</filename>
	<path>D:\downloads\fooDetector\bibimbap\bibimbap (16).jpg</path>
	<source>
		<database>Unknown</database>
	</source>
	<size>
		<width>640</width>
		<height>480</height>
		<depth>3</depth>
	</size>
	<segmented>0</segmented>
	<object>
		<name>bibimbap</name>
		<pose>Unspecified</pose>
		<truncated>0</truncated>
		<difficult>0</difficult>
		<bndbox>
			<xmin>57</xmin>
			<ymin>85</ymin>
			<xmax>544</xmax>
			<ymax>479</ymax>
		</bndbox>
	</object>
</annotation>
