<annotation>
	<folder>bibimbap</folder>
	<filename>bibimbap (10).jpg</filename>
	<path>D:\downloads\fooDetector\bibimbap\bibimbap (10).jpg</path>
	<source>
		<database>Unknown</database>
	</source>
	<size>
		<width>1022</width>
		<height>633</height>
		<depth>3</depth>
	</size>
	<segmented>0</segmented>
	<object>
		<name>bibimbap</name>
		<pose>Unspecified</pose>
		<truncated>0</truncated>
		<difficult>0</difficult>
		<bndbox>
			<xmin>419</xmin>
			<ymin>376</ymin>
			<xmax>679</xmax>
			<ymax>516</ymax>
		</bndbox>
	</object>
</annotation>
