<annotation>
	<folder>bibimbap</folder>
	<filename>bibimbap (69).jpg</filename>
	<path>D:\downloads\fooDetector\bibimbap\bibimbap (69).jpg</path>
	<source>
		<database>Unknown</database>
	</source>
	<size>
		<width>392</width>
		<height>296</height>
		<depth>3</depth>
	</size>
	<segmented>0</segmented>
	<object>
		<name>bibimbap</name>
		<pose>Unspecified</pose>
		<truncated>1</truncated>
		<difficult>0</difficult>
		<bndbox>
			<xmin>43</xmin>
			<ymin>37</ymin>
			<xmax>358</xmax>
			<ymax>296</ymax>
		</bndbox>
	</object>
</annotation>
