<annotation>
	<folder>bibimbap</folder>
	<filename>bibimbap (31).jpg</filename>
	<path>D:\downloads\fooDetector\bibimbap\bibimbap (31).jpg</path>
	<source>
		<database>Unknown</database>
	</source>
	<size>
		<width>550</width>
		<height>348</height>
		<depth>3</depth>
	</size>
	<segmented>0</segmented>
	<object>
		<name>bibimbap</name>
		<pose>Unspecified</pose>
		<truncated>0</truncated>
		<difficult>0</difficult>
		<bndbox>
			<xmin>124</xmin>
			<ymin>6</ymin>
			<xmax>469</xmax>
			<ymax>344</ymax>
		</bndbox>
	</object>
</annotation>
