<annotation>
	<folder>bibimbap</folder>
	<filename>bibimbap (24).jpg</filename>
	<path>D:\downloads\fooDetector\bibimbap\bibimbap (24).jpg</path>
	<source>
		<database>Unknown</database>
	</source>
	<size>
		<width>320</width>
		<height>214</height>
		<depth>3</depth>
	</size>
	<segmented>0</segmented>
	<object>
		<name>bibimbap</name>
		<pose>Unspecified</pose>
		<truncated>0</truncated>
		<difficult>0</difficult>
		<bndbox>
			<xmin>74</xmin>
			<ymin>46</ymin>
			<xmax>243</xmax>
			<ymax>156</ymax>
		</bndbox>
	</object>
</annotation>
