<annotation>
	<folder>bibimbap</folder>
	<filename>bibimbap (61).jpg</filename>
	<path>D:\downloads\fooDetector\bibimbap\bibimbap (61).jpg</path>
	<source>
		<database>Unknown</database>
	</source>
	<size>
		<width>1200</width>
		<height>1200</height>
		<depth>3</depth>
	</size>
	<segmented>0</segmented>
	<object>
		<name>bibimbap</name>
		<pose>Unspecified</pose>
		<truncated>0</truncated>
		<difficult>0</difficult>
		<bndbox>
			<xmin>63</xmin>
			<ymin>475</ymin>
			<xmax>847</xmax>
			<ymax>1159</ymax>
		</bndbox>
	</object>
</annotation>
