<annotation>
	<folder>bibimbap</folder>
	<filename>bibimbap (70).jpg</filename>
	<path>D:\downloads\fooDetector\bibimbap\bibimbap (70).jpg</path>
	<source>
		<database>Unknown</database>
	</source>
	<size>
		<width>710</width>
		<height>471</height>
		<depth>3</depth>
	</size>
	<segmented>0</segmented>
	<object>
		<name>bibimbap</name>
		<pose>Unspecified</pose>
		<truncated>0</truncated>
		<difficult>0</difficult>
		<bndbox>
			<xmin>36</xmin>
			<ymin>195</ymin>
			<xmax>310</xmax>
			<ymax>420</ymax>
		</bndbox>
	</object>
	<object>
		<name>bibimbap</name>
		<pose>Unspecified</pose>
		<truncated>0</truncated>
		<difficult>0</difficult>
		<bndbox>
			<xmin>540</xmin>
			<ymin>361</ymin>
			<xmax>654</xmax>
			<ymax>439</ymax>
		</bndbox>
	</object>
	<object>
		<name>bibimbap</name>
		<pose>Unspecified</pose>
		<truncated>0</truncated>
		<difficult>0</difficult>
		<bndbox>
			<xmin>549</xmin>
			<ymin>254</ymin>
			<xmax>652</xmax>
			<ymax>312</ymax>
		</bndbox>
	</object>
	<object>
		<name>bibimbap</name>
		<pose>Unspecified</pose>
		<truncated>0</truncated>
		<difficult>0</difficult>
		<bndbox>
			<xmin>158</xmin>
			<ymin>3</ymin>
			<xmax>353</xmax>
			<ymax>86</ymax>
		</bndbox>
	</object>
</annotation>
