<annotation>
	<folder>bibimbap</folder>
	<filename>bibimbap (23).jpg</filename>
	<path>D:\downloads\fooDetector\bibimbap\bibimbap (23).jpg</path>
	<source>
		<database>Unknown</database>
	</source>
	<size>
		<width>600</width>
		<height>402</height>
		<depth>3</depth>
	</size>
	<segmented>0</segmented>
	<object>
		<name>bibimbap</name>
		<pose>Unspecified</pose>
		<truncated>0</truncated>
		<difficult>0</difficult>
		<bndbox>
			<xmin>112</xmin>
			<ymin>59</ymin>
			<xmax>483</xmax>
			<ymax>316</ymax>
		</bndbox>
	</object>
</annotation>
