<annotation>
	<folder>bibimbap</folder>
	<filename>bibimbap (18).jpg</filename>
	<path>D:\downloads\fooDetector\bibimbap\bibimbap (18).jpg</path>
	<source>
		<database>Unknown</database>
	</source>
	<size>
		<width>674</width>
		<height>287</height>
		<depth>3</depth>
	</size>
	<segmented>0</segmented>
	<object>
		<name>bibimbap</name>
		<pose>Unspecified</pose>
		<truncated>0</truncated>
		<difficult>0</difficult>
		<bndbox>
			<xmin>259</xmin>
			<ymin>6</ymin>
			<xmax>669</xmax>
			<ymax>283</ymax>
		</bndbox>
	</object>
</annotation>
