<annotation>
	<folder>bibimbap</folder>
	<filename>bibimbap (26).jpg</filename>
	<path>D:\downloads\fooDetector\bibimbap\bibimbap (26).jpg</path>
	<source>
		<database>Unknown</database>
	</source>
	<size>
		<width>800</width>
		<height>554</height>
		<depth>3</depth>
	</size>
	<segmented>0</segmented>
	<object>
		<name>bibimbap</name>
		<pose>Unspecified</pose>
		<truncated>0</truncated>
		<difficult>0</difficult>
		<bndbox>
			<xmin>202</xmin>
			<ymin>148</ymin>
			<xmax>626</xmax>
			<ymax>420</ymax>
		</bndbox>
	</object>
</annotation>
