<annotation>
	<folder>bibimbap</folder>
	<filename>bibimbap (43).jpg</filename>
	<path>D:\downloads\fooDetector\bibimbap\bibimbap (43).jpg</path>
	<source>
		<database>Unknown</database>
	</source>
	<size>
		<width>743</width>
		<height>495</height>
		<depth>3</depth>
	</size>
	<segmented>0</segmented>
	<object>
		<name>bibimbap</name>
		<pose>Unspecified</pose>
		<truncated>0</truncated>
		<difficult>0</difficult>
		<bndbox>
			<xmin>203</xmin>
			<ymin>116</ymin>
			<xmax>639</xmax>
			<ymax>445</ymax>
		</bndbox>
	</object>
</annotation>
