<annotation>
	<folder>bibimbap</folder>
	<filename>bibimbap (8).jpg</filename>
	<path>D:\downloads\fooDetector\bibimbap\bibimbap (8).jpg</path>
	<source>
		<database>Unknown</database>
	</source>
	<size>
		<width>600</width>
		<height>508</height>
		<depth>3</depth>
	</size>
	<segmented>0</segmented>
	<object>
		<name>bibimbap</name>
		<pose>Unspecified</pose>
		<truncated>1</truncated>
		<difficult>0</difficult>
		<bndbox>
			<xmin>5</xmin>
			<ymin>1</ymin>
			<xmax>589</xmax>
			<ymax>507</ymax>
		</bndbox>
	</object>
</annotation>
