<annotation>
	<folder>bibimbap</folder>
	<filename>bibimbap (53).jpg</filename>
	<path>D:\downloads\fooDetector\bibimbap\bibimbap (53).jpg</path>
	<source>
		<database>Unknown</database>
	</source>
	<size>
		<width>1280</width>
		<height>720</height>
		<depth>3</depth>
	</size>
	<segmented>0</segmented>
	<object>
		<name>bibimbap</name>
		<pose>Unspecified</pose>
		<truncated>0</truncated>
		<difficult>0</difficult>
		<bndbox>
			<xmin>416</xmin>
			<ymin>299</ymin>
			<xmax>934</xmax>
			<ymax>522</ymax>
		</bndbox>
	</object>
</annotation>
