<annotation>
	<folder>bibimbap</folder>
	<filename>bibimbap (44).jpg</filename>
	<path>D:\downloads\fooDetector\bibimbap\bibimbap (44).jpg</path>
	<source>
		<database>Unknown</database>
	</source>
	<size>
		<width>1280</width>
		<height>720</height>
		<depth>3</depth>
	</size>
	<segmented>0</segmented>
	<object>
		<name>bibimbap</name>
		<pose>Unspecified</pose>
		<truncated>0</truncated>
		<difficult>0</difficult>
		<bndbox>
			<xmin>134</xmin>
			<ymin>355</ymin>
			<xmax>527</xmax>
			<ymax>583</ymax>
		</bndbox>
	</object>
	<object>
		<name>bibimbap</name>
		<pose>Unspecified</pose>
		<truncated>0</truncated>
		<difficult>0</difficult>
		<bndbox>
			<xmin>491</xmin>
			<ymin>116</ymin>
			<xmax>824</xmax>
			<ymax>256</ymax>
		</bndbox>
	</object>
	<object>
		<name>bibimbap</name>
		<pose>Unspecified</pose>
		<truncated>0</truncated>
		<difficult>0</difficult>
		<bndbox>
			<xmin>782</xmin>
			<ymin>323</ymin>
			<xmax>1173</xmax>
			<ymax>536</ymax>
		</bndbox>
	</object>
</annotation>
