<annotation>
	<folder>bibimbap</folder>
	<filename>bibimbap (32).jpg</filename>
	<path>D:\downloads\fooDetector\bibimbap\bibimbap (32).jpg</path>
	<source>
		<database>Unknown</database>
	</source>
	<size>
		<width>480</width>
		<height>360</height>
		<depth>3</depth>
	</size>
	<segmented>0</segmented>
	<object>
		<name>bibimbap</name>
		<pose>Unspecified</pose>
		<truncated>0</truncated>
		<difficult>0</difficult>
		<bndbox>
			<xmin>42</xmin>
			<ymin>59</ymin>
			<xmax>402</xmax>
			<ymax>242</ymax>
		</bndbox>
	</object>
</annotation>
