<annotation>
	<folder>bibimbap</folder>
	<filename>bibimbap (2).jpg</filename>
	<path>D:\downloads\fooDetector\bibimbap\bibimbap (2).jpg</path>
	<source>
		<database>Unknown</database>
	</source>
	<size>
		<width>700</width>
		<height>687</height>
		<depth>3</depth>
	</size>
	<segmented>0</segmented>
	<object>
		<name>bibimbap</name>
		<pose>Unspecified</pose>
		<truncated>0</truncated>
		<difficult>0</difficult>
		<bndbox>
			<xmin>58</xmin>
			<ymin>94</ymin>
			<xmax>653</xmax>
			<ymax>516</ymax>
		</bndbox>
	</object>
</annotation>
