<annotation>
	<folder>bibimbap</folder>
	<filename>bibimbap (17).jpg</filename>
	<path>D:\downloads\fooDetector\bibimbap\bibimbap (17).jpg</path>
	<source>
		<database>Unknown</database>
	</source>
	<size>
		<width>700</width>
		<height>466</height>
		<depth>3</depth>
	</size>
	<segmented>0</segmented>
	<object>
		<name>bibimbap</name>
		<pose>Unspecified</pose>
		<truncated>0</truncated>
		<difficult>0</difficult>
		<bndbox>
			<xmin>232</xmin>
			<ymin>123</ymin>
			<xmax>658</xmax>
			<ymax>347</ymax>
		</bndbox>
	</object>
</annotation>
