<annotation>
	<folder>bibimbap</folder>
	<filename>bibimbap (42).jpg</filename>
	<path>D:\downloads\fooDetector\bibimbap\bibimbap (42).jpg</path>
	<source>
		<database>Unknown</database>
	</source>
	<size>
		<width>512</width>
		<height>378</height>
		<depth>3</depth>
	</size>
	<segmented>0</segmented>
	<object>
		<name>bibimbap</name>
		<pose>Unspecified</pose>
		<truncated>0</truncated>
		<difficult>0</difficult>
		<bndbox>
			<xmin>236</xmin>
			<ymin>178</ymin>
			<xmax>458</xmax>
			<ymax>326</ymax>
		</bndbox>
	</object>
</annotation>
