<annotation>
	<folder>bibimbap</folder>
	<filename>bibimbap (29).jpg</filename>
	<path>D:\downloads\fooDetector\bibimbap\bibimbap (29).jpg</path>
	<source>
		<database>Unknown</database>
	</source>
	<size>
		<width>1024</width>
		<height>680</height>
		<depth>3</depth>
	</size>
	<segmented>0</segmented>
	<object>
		<name>bibimbap</name>
		<pose>Unspecified</pose>
		<truncated>1</truncated>
		<difficult>0</difficult>
		<bndbox>
			<xmin>4</xmin>
			<ymin>30</ymin>
			<xmax>1023</xmax>
			<ymax>680</ymax>
		</bndbox>
	</object>
</annotation>
