<annotation>
	<folder>bibimbap</folder>
	<filename>bibimbap (74).jpg</filename>
	<path>D:\downloads\fooDetector\bibimbap\bibimbap (74).jpg</path>
	<source>
		<database>Unknown</database>
	</source>
	<size>
		<width>4032</width>
		<height>3024</height>
		<depth>3</depth>
	</size>
	<segmented>0</segmented>
	<object>
		<name>bibimbap</name>
		<pose>Unspecified</pose>
		<truncated>0</truncated>
		<difficult>0</difficult>
		<bndbox>
			<xmin>481</xmin>
			<ymin>472</ymin>
			<xmax>3556</xmax>
			<ymax>2739</ymax>
		</bndbox>
	</object>
</annotation>
