<annotation>
	<folder>bibimbap</folder>
	<filename>bibimbap (34).jpg</filename>
	<path>D:\downloads\fooDetector\bibimbap\bibimbap (34).jpg</path>
	<source>
		<database>Unknown</database>
	</source>
	<size>
		<width>400</width>
		<height>286</height>
		<depth>3</depth>
	</size>
	<segmented>0</segmented>
	<object>
		<name>bibimbap</name>
		<pose>Unspecified</pose>
		<truncated>0</truncated>
		<difficult>0</difficult>
		<bndbox>
			<xmin>74</xmin>
			<ymin>78</ymin>
			<xmax>337</xmax>
			<ymax>208</ymax>
		</bndbox>
	</object>
</annotation>
