<annotation>
	<folder>bibimbap</folder>
	<filename>bibimbap (57).jpg</filename>
	<path>D:\downloads\fooDetector\bibimbap\bibimbap (57).jpg</path>
	<source>
		<database>Unknown</database>
	</source>
	<size>
		<width>2400</width>
		<height>1800</height>
		<depth>3</depth>
	</size>
	<segmented>0</segmented>
	<object>
		<name>bibimbap</name>
		<pose>Unspecified</pose>
		<truncated>0</truncated>
		<difficult>0</difficult>
		<bndbox>
			<xmin>474</xmin>
			<ymin>353</ymin>
			<xmax>2031</xmax>
			<ymax>1612</ymax>
		</bndbox>
	</object>
</annotation>
