<annotation>
	<folder>bibimbap</folder>
	<filename>bibimbap (75).png</filename>
	<path>D:\downloads\fooDetector\bibimbap\bibimbap (75).png</path>
	<source>
		<database>Unknown</database>
	</source>
	<size>
		<width>454</width>
		<height>433</height>
		<depth>3</depth>
	</size>
	<segmented>0</segmented>
	<object>
		<name>bibimbap</name>
		<pose>Unspecified</pose>
		<truncated>0</truncated>
		<difficult>0</difficult>
		<bndbox>
			<xmin>80</xmin>
			<ymin>133</ymin>
			<xmax>393</xmax>
			<ymax>361</ymax>
		</bndbox>
	</object>
</annotation>
