<annotation>
	<folder>bibimbap</folder>
	<filename>bibimbap (65).jpg</filename>
	<path>D:\downloads\fooDetector\bibimbap\bibimbap (65).jpg</path>
	<source>
		<database>Unknown</database>
	</source>
	<size>
		<width>550</width>
		<height>413</height>
		<depth>3</depth>
	</size>
	<segmented>0</segmented>
	<object>
		<name>bibimbap</name>
		<pose>Unspecified</pose>
		<truncated>1</truncated>
		<difficult>0</difficult>
		<bndbox>
			<xmin>48</xmin>
			<ymin>7</ymin>
			<xmax>523</xmax>
			<ymax>413</ymax>
		</bndbox>
	</object>
</annotation>
