<annotation>
	<folder>bibimbap</folder>
	<filename>bibimbap (37).jpg</filename>
	<path>D:\downloads\fooDetector\bibimbap\bibimbap (37).jpg</path>
	<source>
		<database>Unknown</database>
	</source>
	<size>
		<width>4416</width>
		<height>3312</height>
		<depth>3</depth>
	</size>
	<segmented>0</segmented>
	<object>
		<name>bibimbap</name>
		<pose>Unspecified</pose>
		<truncated>1</truncated>
		<difficult>0</difficult>
		<bndbox>
			<xmin>29</xmin>
			<ymin>52</ymin>
			<xmax>4256</xmax>
			<ymax>3312</ymax>
		</bndbox>
	</object>
</annotation>
