<annotation>
	<folder>bibimbap</folder>
	<filename>bibimbap (67).jpg</filename>
	<path>D:\downloads\fooDetector\bibimbap\bibimbap (67).jpg</path>
	<source>
		<database>Unknown</database>
	</source>
	<size>
		<width>2448</width>
		<height>3264</height>
		<depth>3</depth>
	</size>
	<segmented>0</segmented>
	<object>
		<name>bibimbap</name>
		<pose>Unspecified</pose>
		<truncated>0</truncated>
		<difficult>0</difficult>
		<bndbox>
			<xmin>44</xmin>
			<ymin>867</ymin>
			<xmax>2348</xmax>
			<ymax>3131</ymax>
		</bndbox>
	</object>
</annotation>
