<annotation>
	<folder>bibimbap</folder>
	<filename>bibimbap (76).png</filename>
	<path>D:\downloads\fooDetector\bibimbap\bibimbap (76).png</path>
	<source>
		<database>Unknown</database>
	</source>
	<size>
		<width>0</width>
		<height>0</height>
		<depth>3</depth>
	</size>
	<segmented>0</segmented>
	<object>
		<name>bibimbap</name>
		<pose>Unspecified</pose>
		<truncated>0</truncated>
		<difficult>0</difficult>
		<bndbox>
			<xmin>54</xmin>
			<ymin>133</ymin>
			<xmax>215</xmax>
			<ymax>216</ymax>
		</bndbox>
	</object>
</annotation>
