<annotation>
	<folder>bibimbap</folder>
	<filename>bibimbap (41).jpg</filename>
	<path>D:\downloads\fooDetector\bibimbap\bibimbap (41).jpg</path>
	<source>
		<database>Unknown</database>
	</source>
	<size>
		<width>620</width>
		<height>413</height>
		<depth>3</depth>
	</size>
	<segmented>0</segmented>
	<object>
		<name>bibimbap</name>
		<pose>Unspecified</pose>
		<truncated>0</truncated>
		<difficult>0</difficult>
		<bndbox>
			<xmin>131</xmin>
			<ymin>95</ymin>
			<xmax>461</xmax>
			<ymax>376</ymax>
		</bndbox>
	</object>
</annotation>
