<annotation>
	<folder>bibimbap</folder>
	<filename>bibimbap (47).jpg</filename>
	<path>D:\downloads\fooDetector\bibimbap\bibimbap (47).jpg</path>
	<source>
		<database>Unknown</database>
	</source>
	<size>
		<width>527</width>
		<height>350</height>
		<depth>3</depth>
	</size>
	<segmented>0</segmented>
	<object>
		<name>bibimbap</name>
		<pose>Unspecified</pose>
		<truncated>0</truncated>
		<difficult>0</difficult>
		<bndbox>
			<xmin>125</xmin>
			<ymin>72</ymin>
			<xmax>374</xmax>
			<ymax>251</ymax>
		</bndbox>
	</object>
</annotation>
