<annotation>
	<folder>bibimbap</folder>
	<filename>bibimbap (22).jpg</filename>
	<path>D:\downloads\fooDetector\bibimbap\bibimbap (22).jpg</path>
	<source>
		<database>Unknown</database>
	</source>
	<size>
		<width>450</width>
		<height>450</height>
		<depth>3</depth>
	</size>
	<segmented>0</segmented>
	<object>
		<name>bibimbap</name>
		<pose>Unspecified</pose>
		<truncated>0</truncated>
		<difficult>0</difficult>
		<bndbox>
			<xmin>9</xmin>
			<ymin>34</ymin>
			<xmax>412</xmax>
			<ymax>368</ymax>
		</bndbox>
	</object>
</annotation>
