<annotation>
	<folder>bibimbap</folder>
	<filename>bibimbap (11).jpg</filename>
	<path>D:\downloads\fooDetector\bibimbap\bibimbap (11).jpg</path>
	<source>
		<database>Unknown</database>
	</source>
	<size>
		<width>518</width>
		<height>343</height>
		<depth>3</depth>
	</size>
	<segmented>0</segmented>
	<object>
		<name>bibimbap</name>
		<pose>Unspecified</pose>
		<truncated>0</truncated>
		<difficult>0</difficult>
		<bndbox>
			<xmin>291</xmin>
			<ymin>178</ymin>
			<xmax>419</xmax>
			<ymax>299</ymax>
		</bndbox>
	</object>
</annotation>
