<annotation>
	<folder>bibimbap</folder>
	<filename>bibimbap (45).jpg</filename>
	<path>D:\downloads\fooDetector\bibimbap\bibimbap (45).jpg</path>
	<source>
		<database>Unknown</database>
	</source>
	<size>
		<width>760</width>
		<height>497</height>
		<depth>3</depth>
	</size>
	<segmented>0</segmented>
	<object>
		<name>bibimbap</name>
		<pose>Unspecified</pose>
		<truncated>0</truncated>
		<difficult>0</difficult>
		<bndbox>
			<xmin>196</xmin>
			<ymin>113</ymin>
			<xmax>580</xmax>
			<ymax>362</ymax>
		</bndbox>
	</object>
</annotation>
