<annotation>
	<folder>bibimbap</folder>
	<filename>bibimbap (64).jpg</filename>
	<path>D:\downloads\fooDetector\bibimbap\bibimbap (64).jpg</path>
	<source>
		<database>Unknown</database>
	</source>
	<size>
		<width>1280</width>
		<height>720</height>
		<depth>3</depth>
	</size>
	<segmented>0</segmented>
	<object>
		<name>bibimbap</name>
		<pose>Unspecified</pose>
		<truncated>0</truncated>
		<difficult>0</difficult>
		<bndbox>
			<xmin>124</xmin>
			<ymin>483</ymin>
			<xmax>412</xmax>
			<ymax>651</ymax>
		</bndbox>
	</object>
	<object>
		<name>bibimbap</name>
		<pose>Unspecified</pose>
		<truncated>0</truncated>
		<difficult>0</difficult>
		<bndbox>
			<xmin>592</xmin>
			<ymin>25</ymin>
			<xmax>927</xmax>
			<ymax>361</ymax>
		</bndbox>
	</object>
	<object>
		<name>bibimbap</name>
		<pose>Unspecified</pose>
		<truncated>0</truncated>
		<difficult>0</difficult>
		<bndbox>
			<xmin>624</xmin>
			<ymin>397</ymin>
			<xmax>929</xmax>
			<ymax>707</ymax>
		</bndbox>
	</object>
	<object>
		<name>bibimbap</name>
		<pose>Unspecified</pose>
		<truncated>1</truncated>
		<difficult>0</difficult>
		<bndbox>
			<xmin>894</xmin>
			<ymin>1</ymin>
			<xmax>1238</xmax>
			<ymax>161</ymax>
		</bndbox>
	</object>
	<object>
		<name>bibimbap</name>
		<pose>Unspecified</pose>
		<truncated>0</truncated>
		<difficult>0</difficult>
		<bndbox>
			<xmin>922</xmin>
			<ymin>204</ymin>
			<xmax>1251</xmax>
			<ymax>533</ymax>
		</bndbox>
	</object>
	<object>
		<name>bibimbap</name>
		<pose>Unspecified</pose>
		<truncated>1</truncated>
		<difficult>0</difficult>
		<bndbox>
			<xmin>939</xmin>
			<ymin>586</ymin>
			<xmax>1239</xmax>
			<ymax>720</ymax>
		</bndbox>
	</object>
</annotation>
