<annotation>
	<folder>bibimbap</folder>
	<filename>bibimbap (40).jpg</filename>
	<path>D:\downloads\fooDetector\bibimbap\bibimbap (40).jpg</path>
	<source>
		<database>Unknown</database>
	</source>
	<size>
		<width>300</width>
		<height>220</height>
		<depth>3</depth>
	</size>
	<segmented>0</segmented>
	<object>
		<name>bibimbap</name>
		<pose>Unspecified</pose>
		<truncated>0</truncated>
		<difficult>0</difficult>
		<bndbox>
			<xmin>32</xmin>
			<ymin>24</ymin>
			<xmax>236</xmax>
			<ymax>207</ymax>
		</bndbox>
	</object>
</annotation>
