<annotation>
	<folder>bibimbap</folder>
	<filename>bibimbap (46).jpg</filename>
	<path>D:\downloads\fooDetector\bibimbap\bibimbap (46).jpg</path>
	<source>
		<database>Unknown</database>
	</source>
	<size>
		<width>2000</width>
		<height>1333</height>
		<depth>3</depth>
	</size>
	<segmented>0</segmented>
	<object>
		<name>bibimbap</name>
		<pose>Unspecified</pose>
		<truncated>0</truncated>
		<difficult>0</difficult>
		<bndbox>
			<xmin>546</xmin>
			<ymin>390</ymin>
			<xmax>1532</xmax>
			<ymax>1134</ymax>
		</bndbox>
	</object>
</annotation>
