<annotation>
	<folder>bibimbap</folder>
	<filename>bibimbap (7).jpg</filename>
	<path>D:\downloads\fooDetector\bibimbap\bibimbap (7).jpg</path>
	<source>
		<database>Unknown</database>
	</source>
	<size>
		<width>500</width>
		<height>375</height>
		<depth>3</depth>
	</size>
	<segmented>0</segmented>
	<object>
		<name>bibimbap</name>
		<pose>Unspecified</pose>
		<truncated>0</truncated>
		<difficult>0</difficult>
		<bndbox>
			<xmin>46</xmin>
			<ymin>56</ymin>
			<xmax>459</xmax>
			<ymax>330</ymax>
		</bndbox>
	</object>
</annotation>
