<annotation>
	<folder>bibimbap</folder>
	<filename>bibimbap (62).jpg</filename>
	<path>D:\downloads\fooDetector\bibimbap\bibimbap (62).jpg</path>
	<source>
		<database>Unknown</database>
	</source>
	<size>
		<width>1024</width>
		<height>683</height>
		<depth>3</depth>
	</size>
	<segmented>0</segmented>
	<object>
		<name>bibimbap</name>
		<pose>Unspecified</pose>
		<truncated>0</truncated>
		<difficult>0</difficult>
		<bndbox>
			<xmin>316</xmin>
			<ymin>128</ymin>
			<xmax>992</xmax>
			<ymax>633</ymax>
		</bndbox>
	</object>
</annotation>
