<annotation>
	<folder>bibimbap</folder>
	<filename>bibimbap (56).jpg</filename>
	<path>D:\downloads\fooDetector\bibimbap\bibimbap (56).jpg</path>
	<source>
		<database>Unknown</database>
	</source>
	<size>
		<width>3968</width>
		<height>2976</height>
		<depth>3</depth>
	</size>
	<segmented>0</segmented>
	<object>
		<name>bibimbap</name>
		<pose>Unspecified</pose>
		<truncated>0</truncated>
		<difficult>0</difficult>
		<bndbox>
			<xmin>1612</xmin>
			<ymin>717</ymin>
			<xmax>3559</xmax>
			<ymax>2178</ymax>
		</bndbox>
	</object>
</annotation>
