<annotation>
	<folder>bibimbap</folder>
	<filename>bibimbap (50).jpg</filename>
	<path>D:\downloads\fooDetector\bibimbap\bibimbap (50).jpg</path>
	<source>
		<database>Unknown</database>
	</source>
	<size>
		<width>2048</width>
		<height>1536</height>
		<depth>3</depth>
	</size>
	<segmented>0</segmented>
	<object>
		<name>bibimbap</name>
		<pose>Unspecified</pose>
		<truncated>0</truncated>
		<difficult>0</difficult>
		<bndbox>
			<xmin>419</xmin>
			<ymin>234</ymin>
			<xmax>1612</xmax>
			<ymax>1364</ymax>
		</bndbox>
	</object>
</annotation>
