<annotation>
	<folder>bibimbap</folder>
	<filename>bibimbap (51).jpg</filename>
	<path>D:\downloads\fooDetector\bibimbap\bibimbap (51).jpg</path>
	<source>
		<database>Unknown</database>
	</source>
	<size>
		<width>509</width>
		<height>458</height>
		<depth>3</depth>
	</size>
	<segmented>0</segmented>
	<object>
		<name>bibimbap</name>
		<pose>Unspecified</pose>
		<truncated>1</truncated>
		<difficult>0</difficult>
		<bndbox>
			<xmin>1</xmin>
			<ymin>108</ymin>
			<xmax>372</xmax>
			<ymax>275</ymax>
		</bndbox>
	</object>
</annotation>
