<annotation>
	<folder>bibimbap</folder>
	<filename>bibimbap (3).jpg</filename>
	<path>D:\downloads\fooDetector\bibimbap\bibimbap (3).jpg</path>
	<source>
		<database>Unknown</database>
	</source>
	<size>
		<width>600</width>
		<height>315</height>
		<depth>3</depth>
	</size>
	<segmented>0</segmented>
	<object>
		<name>bibimbap</name>
		<pose>Unspecified</pose>
		<truncated>0</truncated>
		<difficult>0</difficult>
		<bndbox>
			<xmin>170</xmin>
			<ymin>89</ymin>
			<xmax>428</xmax>
			<ymax>261</ymax>
		</bndbox>
	</object>
</annotation>
