<annotation>
	<folder>bibimbap</folder>
	<filename>bibimbap (39).jpg</filename>
	<path>D:\downloads\fooDetector\bibimbap\bibimbap (39).jpg</path>
	<source>
		<database>Unknown</database>
	</source>
	<size>
		<width>387</width>
		<height>332</height>
		<depth>3</depth>
	</size>
	<segmented>0</segmented>
	<object>
		<name>bibimbap</name>
		<pose>Unspecified</pose>
		<truncated>0</truncated>
		<difficult>0</difficult>
		<bndbox>
			<xmin>43</xmin>
			<ymin>25</ymin>
			<xmax>336</xmax>
			<ymax>319</ymax>
		</bndbox>
	</object>
</annotation>
