<annotation>
	<folder>bibimbap</folder>
	<filename>bibimbap (14).jpg</filename>
	<path>D:\downloads\fooDetector\bibimbap\bibimbap (14).jpg</path>
	<source>
		<database>Unknown</database>
	</source>
	<size>
		<width>2342</width>
		<height>2268</height>
		<depth>3</depth>
	</size>
	<segmented>0</segmented>
	<object>
		<name>bibimbap</name>
		<pose>Unspecified</pose>
		<truncated>0</truncated>
		<difficult>0</difficult>
		<bndbox>
			<xmin>149</xmin>
			<ymin>26</ymin>
			<xmax>2242</xmax>
			<ymax>2126</ymax>
		</bndbox>
	</object>
</annotation>
