<annotation>
	<folder>bibimbap</folder>
	<filename>bibimbap (33).jpg</filename>
	<path>D:\downloads\fooDetector\bibimbap\bibimbap (33).jpg</path>
	<source>
		<database>Unknown</database>
	</source>
	<size>
		<width>540</width>
		<height>360</height>
		<depth>3</depth>
	</size>
	<segmented>0</segmented>
	<object>
		<name>bibimbap</name>
		<pose>Unspecified</pose>
		<truncated>0</truncated>
		<difficult>0</difficult>
		<bndbox>
			<xmin>84</xmin>
			<ymin>66</ymin>
			<xmax>458</xmax>
			<ymax>355</ymax>
		</bndbox>
	</object>
</annotation>
