<annotation>
	<folder>bibimbap</folder>
	<filename>bibimbap (27).jpg</filename>
	<path>D:\downloads\fooDetector\bibimbap\bibimbap (27).jpg</path>
	<source>
		<database>Unknown</database>
	</source>
	<size>
		<width>1000</width>
		<height>750</height>
		<depth>3</depth>
	</size>
	<segmented>0</segmented>
	<object>
		<name>bibimbap</name>
		<pose>Unspecified</pose>
		<truncated>0</truncated>
		<difficult>0</difficult>
		<bndbox>
			<xmin>149</xmin>
			<ymin>136</ymin>
			<xmax>806</xmax>
			<ymax>699</ymax>
		</bndbox>
	</object>
</annotation>
