<annotation>
	<folder>bibimbap</folder>
	<filename>bibimbap (4).jpg</filename>
	<path>D:\downloads\fooDetector\bibimbap\bibimbap (4).jpg</path>
	<source>
		<database>Unknown</database>
	</source>
	<size>
		<width>450</width>
		<height>363</height>
		<depth>3</depth>
	</size>
	<segmented>0</segmented>
	<object>
		<name>bibimbap</name>
		<pose>Unspecified</pose>
		<truncated>0</truncated>
		<difficult>0</difficult>
		<bndbox>
			<xmin>36</xmin>
			<ymin>49</ymin>
			<xmax>422</xmax>
			<ymax>278</ymax>
		</bndbox>
	</object>
</annotation>
