<annotation>
	<folder>bibimbap</folder>
	<filename>bibimbap (25).jpg</filename>
	<path>D:\downloads\fooDetector\bibimbap\bibimbap (25).jpg</path>
	<source>
		<database>Unknown</database>
	</source>
	<size>
		<width>550</width>
		<height>440</height>
		<depth>3</depth>
	</size>
	<segmented>0</segmented>
	<object>
		<name>bibimbap</name>
		<pose>Unspecified</pose>
		<truncated>0</truncated>
		<difficult>0</difficult>
		<bndbox>
			<xmin>69</xmin>
			<ymin>86</ymin>
			<xmax>459</xmax>
			<ymax>325</ymax>
		</bndbox>
	</object>
</annotation>
