<annotation>
	<folder>bibimbap</folder>
	<filename>bibimbap (19).jpg</filename>
	<path>D:\downloads\fooDetector\bibimbap\bibimbap (19).jpg</path>
	<source>
		<database>Unknown</database>
	</source>
	<size>
		<width>2048</width>
		<height>1642</height>
		<depth>3</depth>
	</size>
	<segmented>0</segmented>
	<object>
		<name>bibimbap</name>
		<pose>Unspecified</pose>
		<truncated>0</truncated>
		<difficult>0</difficult>
		<bndbox>
			<xmin>386</xmin>
			<ymin>425</ymin>
			<xmax>1694</xmax>
			<ymax>1404</ymax>
		</bndbox>
	</object>
</annotation>
