<annotation>
	<folder>bibimbap</folder>
	<filename>bibimbap (12).jpg</filename>
	<path>D:\downloads\fooDetector\bibimbap\bibimbap (12).jpg</path>
	<source>
		<database>Unknown</database>
	</source>
	<size>
		<width>1880</width>
		<height>1410</height>
		<depth>3</depth>
	</size>
	<segmented>0</segmented>
	<object>
		<name>bibimbap</name>
		<pose>Unspecified</pose>
		<truncated>1</truncated>
		<difficult>0</difficult>
		<bndbox>
			<xmin>2</xmin>
			<ymin>49</ymin>
			<xmax>1880</xmax>
			<ymax>1405</ymax>
		</bndbox>
	</object>
</annotation>
