<annotation>
	<folder>bibimbap</folder>
	<filename>bibimbap (15).jpg</filename>
	<path>D:\downloads\fooDetector\bibimbap\bibimbap (15).jpg</path>
	<source>
		<database>Unknown</database>
	</source>
	<size>
		<width>500</width>
		<height>500</height>
		<depth>3</depth>
	</size>
	<segmented>0</segmented>
	<object>
		<name>bibimbap</name>
		<pose>Unspecified</pose>
		<truncated>0</truncated>
		<difficult>0</difficult>
		<bndbox>
			<xmin>68</xmin>
			<ymin>163</ymin>
			<xmax>417</xmax>
			<ymax>442</ymax>
		</bndbox>
	</object>
</annotation>
