<annotation>
	<folder>bindaetteok</folder>
	<filename>bindaetteok (8).jpg</filename>
	<path>D:\downloads\fooDetector\bindaetteok\bindaetteok (8).jpg</path>
	<source>
		<database>Unknown</database>
	</source>
	<size>
		<width>480</width>
		<height>270</height>
		<depth>3</depth>
	</size>
	<segmented>0</segmented>
	<object>
		<name>bindaetteok</name>
		<pose>Unspecified</pose>
		<truncated>0</truncated>
		<difficult>0</difficult>
		<bndbox>
			<xmin>11</xmin>
			<ymin>31</ymin>
			<xmax>293</xmax>
			<ymax>250</ymax>
		</bndbox>
	</object>
</annotation>
