<annotation>
	<folder>bindaetteok</folder>
	<filename>bindaetteok (126).png</filename>
	<path>D:\downloads\fooDetector\bindaetteok\bindaetteok (126).png</path>
	<source>
		<database>Unknown</database>
	</source>
	<size>
		<width>565</width>
		<height>390</height>
		<depth>3</depth>
	</size>
	<segmented>0</segmented>
	<object>
		<name>bindaetteok</name>
		<pose>Unspecified</pose>
		<truncated>0</truncated>
		<difficult>0</difficult>
		<bndbox>
			<xmin>96</xmin>
			<ymin>103</ymin>
			<xmax>389</xmax>
			<ymax>302</ymax>
		</bndbox>
	</object>
</annotation>
