<annotation>
	<folder>bindaetteok</folder>
	<filename>bindaetteok (43).jpg</filename>
	<path>D:\downloads\fooDetector\bindaetteok\bindaetteok (43).jpg</path>
	<source>
		<database>Unknown</database>
	</source>
	<size>
		<width>460</width>
		<height>692</height>
		<depth>3</depth>
	</size>
	<segmented>0</segmented>
	<object>
		<name>bindaetteok</name>
		<pose>Unspecified</pose>
		<truncated>0</truncated>
		<difficult>0</difficult>
		<bndbox>
			<xmin>31</xmin>
			<ymin>97</ymin>
			<xmax>252</xmax>
			<ymax>573</ymax>
		</bndbox>
	</object>
</annotation>
