<annotation>
	<folder>bindaetteok</folder>
	<filename>bindaetteok (93).jpg</filename>
	<path>D:\downloads\fooDetector\bindaetteok\bindaetteok (93).jpg</path>
	<source>
		<database>Unknown</database>
	</source>
	<size>
		<width>450</width>
		<height>550</height>
		<depth>3</depth>
	</size>
	<segmented>0</segmented>
	<object>
		<name>bindaetteok</name>
		<pose>Unspecified</pose>
		<truncated>1</truncated>
		<difficult>0</difficult>
		<bndbox>
			<xmin>2</xmin>
			<ymin>138</ymin>
			<xmax>450</xmax>
			<ymax>534</ymax>
		</bndbox>
	</object>
</annotation>
