<annotation>
	<folder>bindaetteok</folder>
	<filename>bindaetteok (45).jpg</filename>
	<path>D:\downloads\fooDetector\bindaetteok\bindaetteok (45).jpg</path>
	<source>
		<database>Unknown</database>
	</source>
	<size>
		<width>1500</width>
		<height>1000</height>
		<depth>3</depth>
	</size>
	<segmented>0</segmented>
	<object>
		<name>bindaetteok</name>
		<pose>Unspecified</pose>
		<truncated>0</truncated>
		<difficult>0</difficult>
		<bndbox>
			<xmin>51</xmin>
			<ymin>34</ymin>
			<xmax>922</xmax>
			<ymax>591</ymax>
		</bndbox>
	</object>
	<object>
		<name>bindaetteok</name>
		<pose>Unspecified</pose>
		<truncated>1</truncated>
		<difficult>0</difficult>
		<bndbox>
			<xmin>457</xmin>
			<ymin>401</ymin>
			<xmax>1499</xmax>
			<ymax>1000</ymax>
		</bndbox>
	</object>
</annotation>
