<annotation>
	<folder>bindaetteok</folder>
	<filename>bindaetteok (83).jpg</filename>
	<path>D:\downloads\fooDetector\bindaetteok\bindaetteok (83).jpg</path>
	<source>
		<database>Unknown</database>
	</source>
	<size>
		<width>540</width>
		<height>436</height>
		<depth>3</depth>
	</size>
	<segmented>0</segmented>
	<object>
		<name>bindaetteok</name>
		<pose>Unspecified</pose>
		<truncated>1</truncated>
		<difficult>0</difficult>
		<bndbox>
			<xmin>286</xmin>
			<ymin>179</ymin>
			<xmax>540</xmax>
			<ymax>435</ymax>
		</bndbox>
	</object>
</annotation>
