<annotation>
	<folder>bindaetteok</folder>
	<filename>bindaetteok (78).jpg</filename>
	<path>D:\downloads\fooDetector\bindaetteok\bindaetteok (78).jpg</path>
	<source>
		<database>Unknown</database>
	</source>
	<size>
		<width>575</width>
		<height>381</height>
		<depth>3</depth>
	</size>
	<segmented>0</segmented>
	<object>
		<name>bindaetteok</name>
		<pose>Unspecified</pose>
		<truncated>1</truncated>
		<difficult>0</difficult>
		<bndbox>
			<xmin>4</xmin>
			<ymin>116</ymin>
			<xmax>575</xmax>
			<ymax>331</ymax>
		</bndbox>
	</object>
</annotation>
