<annotation>
	<folder>bindaetteok</folder>
	<filename>bindaetteok (101).jpg</filename>
	<path>D:\downloads\fooDetector\bindaetteok\bindaetteok (101).jpg</path>
	<source>
		<database>Unknown</database>
	</source>
	<size>
		<width>720</width>
		<height>540</height>
		<depth>3</depth>
	</size>
	<segmented>0</segmented>
	<object>
		<name>bindaetteok</name>
		<pose>Unspecified</pose>
		<truncated>0</truncated>
		<difficult>0</difficult>
		<bndbox>
			<xmin>184</xmin>
			<ymin>99</ymin>
			<xmax>622</xmax>
			<ymax>458</ymax>
		</bndbox>
	</object>
</annotation>
