<annotation>
	<folder>bindaetteok</folder>
	<filename>bindaetteok (48).jpg</filename>
	<path>D:\downloads\fooDetector\bindaetteok\bindaetteok (48).jpg</path>
	<source>
		<database>Unknown</database>
	</source>
	<size>
		<width>600</width>
		<height>450</height>
		<depth>3</depth>
	</size>
	<segmented>0</segmented>
	<object>
		<name>bindaetteok</name>
		<pose>Unspecified</pose>
		<truncated>1</truncated>
		<difficult>0</difficult>
		<bndbox>
			<xmin>125</xmin>
			<ymin>136</ymin>
			<xmax>600</xmax>
			<ymax>430</ymax>
		</bndbox>
	</object>
</annotation>
