<annotation>
	<folder>bindaetteok</folder>
	<filename>bindaetteok (34).jpg</filename>
	<path>D:\downloads\fooDetector\bindaetteok\bindaetteok (34).jpg</path>
	<source>
		<database>Unknown</database>
	</source>
	<size>
		<width>650</width>
		<height>971</height>
		<depth>3</depth>
	</size>
	<segmented>0</segmented>
	<object>
		<name>bindaetteok</name>
		<pose>Unspecified</pose>
		<truncated>0</truncated>
		<difficult>0</difficult>
		<bndbox>
			<xmin>5</xmin>
			<ymin>411</ymin>
			<xmax>518</xmax>
			<ymax>845</ymax>
		</bndbox>
	</object>
</annotation>
