<annotation>
	<folder>bindaetteok</folder>
	<filename>bindaetteok (21).jpg</filename>
	<path>D:\downloads\fooDetector\bindaetteok\bindaetteok (21).jpg</path>
	<source>
		<database>Unknown</database>
	</source>
	<size>
		<width>2560</width>
		<height>1707</height>
		<depth>3</depth>
	</size>
	<segmented>0</segmented>
	<object>
		<name>bindaetteok</name>
		<pose>Unspecified</pose>
		<truncated>0</truncated>
		<difficult>0</difficult>
		<bndbox>
			<xmin>160</xmin>
			<ymin>475</ymin>
			<xmax>1939</xmax>
			<ymax>1474</ymax>
		</bndbox>
	</object>
</annotation>
