<annotation>
	<folder>bindaetteok</folder>
	<filename>bindaetteok (65).jpg</filename>
	<path>D:\downloads\fooDetector\bindaetteok\bindaetteok (65).jpg</path>
	<source>
		<database>Unknown</database>
	</source>
	<size>
		<width>280</width>
		<height>227</height>
		<depth>3</depth>
	</size>
	<segmented>0</segmented>
	<object>
		<name>bindaetteok</name>
		<pose>Unspecified</pose>
		<truncated>0</truncated>
		<difficult>0</difficult>
		<bndbox>
			<xmin>30</xmin>
			<ymin>61</ymin>
			<xmax>247</xmax>
			<ymax>194</ymax>
		</bndbox>
	</object>
</annotation>
