<annotation>
	<folder>bindaetteok</folder>
	<filename>bindaetteok (12).jpg</filename>
	<path>D:\downloads\fooDetector\bindaetteok\bindaetteok (12).jpg</path>
	<source>
		<database>Unknown</database>
	</source>
	<size>
		<width>900</width>
		<height>1280</height>
		<depth>3</depth>
	</size>
	<segmented>0</segmented>
	<object>
		<name>bindaetteok</name>
		<pose>Unspecified</pose>
		<truncated>0</truncated>
		<difficult>0</difficult>
		<bndbox>
			<xmin>111</xmin>
			<ymin>65</ymin>
			<xmax>749</xmax>
			<ymax>728</ymax>
		</bndbox>
	</object>
	<object>
		<name>bindaetteok</name>
		<pose>Unspecified</pose>
		<truncated>0</truncated>
		<difficult>0</difficult>
		<bndbox>
			<xmin>125</xmin>
			<ymin>761</ymin>
			<xmax>569</xmax>
			<ymax>1199</ymax>
		</bndbox>
	</object>
</annotation>
