<annotation>
	<folder>bindaetteok</folder>
	<filename>bindaetteok (120).jpg</filename>
	<path>D:\downloads\fooDetector\bindaetteok\bindaetteok (120).jpg</path>
	<source>
		<database>Unknown</database>
	</source>
	<size>
		<width>1280</width>
		<height>720</height>
		<depth>3</depth>
	</size>
	<segmented>0</segmented>
	<object>
		<name>bindaetteok</name>
		<pose>Unspecified</pose>
		<truncated>0</truncated>
		<difficult>0</difficult>
		<bndbox>
			<xmin>166</xmin>
			<ymin>36</ymin>
			<xmax>1218</xmax>
			<ymax>680</ymax>
		</bndbox>
	</object>
</annotation>
