<annotation>
	<folder>bindaetteok</folder>
	<filename>bindaetteok (13).jpg</filename>
	<path>D:\downloads\fooDetector\bindaetteok\bindaetteok (13).jpg</path>
	<source>
		<database>Unknown</database>
	</source>
	<size>
		<width>900</width>
		<height>471</height>
		<depth>3</depth>
	</size>
	<segmented>0</segmented>
	<object>
		<name>bindaetteok</name>
		<pose>Unspecified</pose>
		<truncated>0</truncated>
		<difficult>0</difficult>
		<bndbox>
			<xmin>64</xmin>
			<ymin>19</ymin>
			<xmax>738</xmax>
			<ymax>422</ymax>
		</bndbox>
	</object>
</annotation>
