<annotation>
	<folder>bindaetteok</folder>
	<filename>bindaetteok (23).jpg</filename>
	<path>D:\downloads\fooDetector\bindaetteok\bindaetteok (23).jpg</path>
	<source>
		<database>Unknown</database>
	</source>
	<size>
		<width>1200</width>
		<height>900</height>
		<depth>3</depth>
	</size>
	<segmented>0</segmented>
	<object>
		<name>bindaetteok</name>
		<pose>Unspecified</pose>
		<truncated>1</truncated>
		<difficult>0</difficult>
		<bndbox>
			<xmin>1</xmin>
			<ymin>454</ymin>
			<xmax>231</xmax>
			<ymax>748</ymax>
		</bndbox>
	</object>
	<object>
		<name>bindaetteok</name>
		<pose>Unspecified</pose>
		<truncated>1</truncated>
		<difficult>0</difficult>
		<bndbox>
			<xmin>491</xmin>
			<ymin>40</ymin>
			<xmax>1200</xmax>
			<ymax>869</ymax>
		</bndbox>
	</object>
</annotation>
