<annotation>
	<folder>bindaetteok</folder>
	<filename>bindaetteok (35).jpg</filename>
	<path>D:\downloads\fooDetector\bindaetteok\bindaetteok (35).jpg</path>
	<source>
		<database>Unknown</database>
	</source>
	<size>
		<width>500</width>
		<height>375</height>
		<depth>3</depth>
	</size>
	<segmented>0</segmented>
	<object>
		<name>bindaetteok</name>
		<pose>Unspecified</pose>
		<truncated>0</truncated>
		<difficult>0</difficult>
		<bndbox>
			<xmin>103</xmin>
			<ymin>104</ymin>
			<xmax>398</xmax>
			<ymax>320</ymax>
		</bndbox>
	</object>
</annotation>
