<annotation>
	<folder>bindaetteok</folder>
	<filename>bindaetteok (109).jpg</filename>
	<path>D:\downloads\fooDetector\bindaetteok\bindaetteok (109).jpg</path>
	<source>
		<database>Unknown</database>
	</source>
	<size>
		<width>500</width>
		<height>426</height>
		<depth>3</depth>
	</size>
	<segmented>0</segmented>
	<object>
		<name>bindaetteok</name>
		<pose>Unspecified</pose>
		<truncated>1</truncated>
		<difficult>0</difficult>
		<bndbox>
			<xmin>1</xmin>
			<ymin>32</ymin>
			<xmax>500</xmax>
			<ymax>413</ymax>
		</bndbox>
	</object>
</annotation>
