<annotation>
	<folder>bindaetteok</folder>
	<filename>bindaetteok (115).jpg</filename>
	<path>D:\downloads\fooDetector\bindaetteok\bindaetteok (115).jpg</path>
	<source>
		<database>Unknown</database>
	</source>
	<size>
		<width>1920</width>
		<height>1440</height>
		<depth>3</depth>
	</size>
	<segmented>0</segmented>
	<object>
		<name>bindaetteok</name>
		<pose>Unspecified</pose>
		<truncated>1</truncated>
		<difficult>0</difficult>
		<bndbox>
			<xmin>982</xmin>
			<ymin>199</ymin>
			<xmax>1920</xmax>
			<ymax>1207</ymax>
		</bndbox>
	</object>
</annotation>
