<annotation>
	<folder>bindaetteok</folder>
	<filename>bindaetteok (22).jpg</filename>
	<path>D:\downloads\fooDetector\bindaetteok\bindaetteok (22).jpg</path>
	<source>
		<database>Unknown</database>
	</source>
	<size>
		<width>800</width>
		<height>1200</height>
		<depth>3</depth>
	</size>
	<segmented>0</segmented>
	<object>
		<name>bindaetteok</name>
		<pose>Unspecified</pose>
		<truncated>0</truncated>
		<difficult>0</difficult>
		<bndbox>
			<xmin>80</xmin>
			<ymin>71</ymin>
			<xmax>445</xmax>
			<ymax>289</ymax>
		</bndbox>
	</object>
	<object>
		<name>bindaetteok</name>
		<pose>Unspecified</pose>
		<truncated>0</truncated>
		<difficult>0</difficult>
		<bndbox>
			<xmin>124</xmin>
			<ymin>550</ymin>
			<xmax>673</xmax>
			<ymax>958</ymax>
		</bndbox>
	</object>
</annotation>
