<annotation>
	<folder>bindaetteok</folder>
	<filename>bindaetteok (47).jpg</filename>
	<path>D:\downloads\fooDetector\bindaetteok\bindaetteok (47).jpg</path>
	<source>
		<database>Unknown</database>
	</source>
	<size>
		<width>2240</width>
		<height>1488</height>
		<depth>3</depth>
	</size>
	<segmented>0</segmented>
	<object>
		<name>bindaetteok</name>
		<pose>Unspecified</pose>
		<truncated>0</truncated>
		<difficult>0</difficult>
		<bndbox>
			<xmin>944</xmin>
			<ymin>606</ymin>
			<xmax>2066</xmax>
			<ymax>1059</ymax>
		</bndbox>
	</object>
</annotation>
