<annotation>
	<folder>bindaetteok</folder>
	<filename>bindaetteok (53).jpg</filename>
	<path>D:\downloads\fooDetector\bindaetteok\bindaetteok (53).jpg</path>
	<source>
		<database>Unknown</database>
	</source>
	<size>
		<width>2560</width>
		<height>1707</height>
		<depth>3</depth>
	</size>
	<segmented>0</segmented>
	<object>
		<name>bindaetteok</name>
		<pose>Unspecified</pose>
		<truncated>0</truncated>
		<difficult>0</difficult>
		<bndbox>
			<xmin>248</xmin>
			<ymin>143</ymin>
			<xmax>2155</xmax>
			<ymax>1516</ymax>
		</bndbox>
	</object>
</annotation>
