<annotation>
	<folder>bindaetteok</folder>
	<filename>bindaetteok (32).jpg</filename>
	<path>D:\downloads\fooDetector\bindaetteok\bindaetteok (32).jpg</path>
	<source>
		<database>Unknown</database>
	</source>
	<size>
		<width>1422</width>
		<height>800</height>
		<depth>3</depth>
	</size>
	<segmented>0</segmented>
	<object>
		<name>bindaetteok</name>
		<pose>Unspecified</pose>
		<truncated>0</truncated>
		<difficult>0</difficult>
		<bndbox>
			<xmin>355</xmin>
			<ymin>67</ymin>
			<xmax>1074</xmax>
			<ymax>680</ymax>
		</bndbox>
	</object>
</annotation>
