<annotation>
	<folder>bindaetteok</folder>
	<filename>bindaetteok (100).jpg</filename>
	<path>D:\downloads\fooDetector\bindaetteok\bindaetteok (100).jpg</path>
	<source>
		<database>Unknown</database>
	</source>
	<size>
		<width>2560</width>
		<height>1710</height>
		<depth>3</depth>
	</size>
	<segmented>0</segmented>
	<object>
		<name>bindaetteok</name>
		<pose>Unspecified</pose>
		<truncated>1</truncated>
		<difficult>0</difficult>
		<bndbox>
			<xmin>229</xmin>
			<ymin>427</ymin>
			<xmax>2560</xmax>
			<ymax>1380</ymax>
		</bndbox>
	</object>
</annotation>
