<annotation>
	<folder>bindaetteok</folder>
	<filename>bindaetteok (63).jpg</filename>
	<path>D:\downloads\fooDetector\bindaetteok\bindaetteok (63).jpg</path>
	<source>
		<database>Unknown</database>
	</source>
	<size>
		<width>3024</width>
		<height>4032</height>
		<depth>3</depth>
	</size>
	<segmented>0</segmented>
	<object>
		<name>bindaetteok</name>
		<pose>Unspecified</pose>
		<truncated>0</truncated>
		<difficult>0</difficult>
		<bndbox>
			<xmin>86</xmin>
			<ymin>1660</ymin>
			<xmax>2462</xmax>
			<ymax>3604</ymax>
		</bndbox>
	</object>
</annotation>
