<annotation>
	<folder>bindaetteok</folder>
	<filename>bindaetteok (5).jpg</filename>
	<path>D:\downloads\fooDetector\bindaetteok\bindaetteok (5).jpg</path>
	<source>
		<database>Unknown</database>
	</source>
	<size>
		<width>773</width>
		<height>515</height>
		<depth>3</depth>
	</size>
	<segmented>0</segmented>
	<object>
		<name>bindaetteok</name>
		<pose>Unspecified</pose>
		<truncated>0</truncated>
		<difficult>0</difficult>
		<bndbox>
			<xmin>206</xmin>
			<ymin>153</ymin>
			<xmax>604</xmax>
			<ymax>410</ymax>
		</bndbox>
	</object>
</annotation>
