<annotation>
	<folder>bindaetteok</folder>
	<filename>bindaetteok (49).jpg</filename>
	<path>D:\downloads\fooDetector\bindaetteok\bindaetteok (49).jpg</path>
	<source>
		<database>Unknown</database>
	</source>
	<size>
		<width>550</width>
		<height>367</height>
		<depth>3</depth>
	</size>
	<segmented>0</segmented>
	<object>
		<name>bindaetteok</name>
		<pose>Unspecified</pose>
		<truncated>0</truncated>
		<difficult>0</difficult>
		<bndbox>
			<xmin>71</xmin>
			<ymin>15</ymin>
			<xmax>503</xmax>
			<ymax>327</ymax>
		</bndbox>
	</object>
</annotation>
