<annotation>
	<folder>bindaetteok</folder>
	<filename>bindaetteok (71).jpg</filename>
	<path>D:\downloads\fooDetector\bindaetteok\bindaetteok (71).jpg</path>
	<source>
		<database>Unknown</database>
	</source>
	<size>
		<width>640</width>
		<height>640</height>
		<depth>3</depth>
	</size>
	<segmented>0</segmented>
	<object>
		<name>bindaetteok</name>
		<pose>Unspecified</pose>
		<truncated>0</truncated>
		<difficult>0</difficult>
		<bndbox>
			<xmin>99</xmin>
			<ymin>296</ymin>
			<xmax>365</xmax>
			<ymax>524</ymax>
		</bndbox>
	</object>
</annotation>
