<annotation>
	<folder>bindaetteok</folder>
	<filename>bindaetteok (33).jpg</filename>
	<path>D:\downloads\fooDetector\bindaetteok\bindaetteok (33).jpg</path>
	<source>
		<database>Unknown</database>
	</source>
	<size>
		<width>620</width>
		<height>620</height>
		<depth>3</depth>
	</size>
	<segmented>0</segmented>
	<object>
		<name>bindaetteok</name>
		<pose>Unspecified</pose>
		<truncated>1</truncated>
		<difficult>0</difficult>
		<bndbox>
			<xmin>1</xmin>
			<ymin>81</ymin>
			<xmax>373</xmax>
			<ymax>397</ymax>
		</bndbox>
	</object>
</annotation>
