<annotation>
	<folder>bindaetteok</folder>
	<filename>bindaetteok (113).jpg</filename>
	<path>D:\downloads\fooDetector\bindaetteok\bindaetteok (113).jpg</path>
	<source>
		<database>Unknown</database>
	</source>
	<size>
		<width>640</width>
		<height>428</height>
		<depth>3</depth>
	</size>
	<segmented>0</segmented>
	<object>
		<name>bindaetteok</name>
		<pose>Unspecified</pose>
		<truncated>0</truncated>
		<difficult>0</difficult>
		<bndbox>
			<xmin>91</xmin>
			<ymin>71</ymin>
			<xmax>540</xmax>
			<ymax>351</ymax>
		</bndbox>
	</object>
</annotation>
