<annotation>
	<folder>bindaetteok</folder>
	<filename>bindaetteok (41).jpg</filename>
	<path>D:\downloads\fooDetector\bindaetteok\bindaetteok (41).jpg</path>
	<source>
		<database>Unknown</database>
	</source>
	<size>
		<width>2048</width>
		<height>1213</height>
		<depth>3</depth>
	</size>
	<segmented>0</segmented>
	<object>
		<name>bindaetteok</name>
		<pose>Unspecified</pose>
		<truncated>0</truncated>
		<difficult>0</difficult>
		<bndbox>
			<xmin>46</xmin>
			<ymin>406</ymin>
			<xmax>1329</xmax>
			<ymax>929</ymax>
		</bndbox>
	</object>
	<object>
		<name>bindaetteok</name>
		<pose>Unspecified</pose>
		<truncated>1</truncated>
		<difficult>0</difficult>
		<bndbox>
			<xmin>1355</xmin>
			<ymin>374</ymin>
			<xmax>2048</xmax>
			<ymax>843</ymax>
		</bndbox>
	</object>
</annotation>
