<annotation>
	<folder>bindaetteok</folder>
	<filename>bindaetteok (58).jpg</filename>
	<path>D:\downloads\fooDetector\bindaetteok\bindaetteok (58).jpg</path>
	<source>
		<database>Unknown</database>
	</source>
	<size>
		<width>600</width>
		<height>398</height>
		<depth>3</depth>
	</size>
	<segmented>0</segmented>
	<object>
		<name>bindaetteok</name>
		<pose>Unspecified</pose>
		<truncated>0</truncated>
		<difficult>0</difficult>
		<bndbox>
			<xmin>162</xmin>
			<ymin>96</ymin>
			<xmax>390</xmax>
			<ymax>246</ymax>
		</bndbox>
	</object>
</annotation>
