<annotation>
	<folder>bindaetteok</folder>
	<filename>bindaetteok (102).jpg</filename>
	<path>D:\downloads\fooDetector\bindaetteok\bindaetteok (102).jpg</path>
	<source>
		<database>Unknown</database>
	</source>
	<size>
		<width>960</width>
		<height>635</height>
		<depth>3</depth>
	</size>
	<segmented>0</segmented>
	<object>
		<name>bindaetteok</name>
		<pose>Unspecified</pose>
		<truncated>0</truncated>
		<difficult>0</difficult>
		<bndbox>
			<xmin>133</xmin>
			<ymin>174</ymin>
			<xmax>785</xmax>
			<ymax>516</ymax>
		</bndbox>
	</object>
</annotation>
