<annotation>
	<folder>bindaetteok</folder>
	<filename>bindaetteok (125).jpg</filename>
	<path>D:\downloads\fooDetector\bindaetteok\bindaetteok (125).jpg</path>
	<source>
		<database>Unknown</database>
	</source>
	<size>
		<width>580</width>
		<height>870</height>
		<depth>3</depth>
	</size>
	<segmented>0</segmented>
	<object>
		<name>bindaetteok</name>
		<pose>Unspecified</pose>
		<truncated>1</truncated>
		<difficult>0</difficult>
		<bndbox>
			<xmin>54</xmin>
			<ymin>177</ymin>
			<xmax>580</xmax>
			<ymax>806</ymax>
		</bndbox>
	</object>
</annotation>
