<annotation>
	<folder>bindaetteok</folder>
	<filename>bindaetteok (106).jpg</filename>
	<path>D:\downloads\fooDetector\bindaetteok\bindaetteok (106).jpg</path>
	<source>
		<database>Unknown</database>
	</source>
	<size>
		<width>474</width>
		<height>356</height>
		<depth>3</depth>
	</size>
	<segmented>0</segmented>
	<object>
		<name>bindaetteok</name>
		<pose>Unspecified</pose>
		<truncated>1</truncated>
		<difficult>0</difficult>
		<bndbox>
			<xmin>1</xmin>
			<ymin>25</ymin>
			<xmax>474</xmax>
			<ymax>323</ymax>
		</bndbox>
	</object>
</annotation>
