<annotation>
	<folder>bindaetteok</folder>
	<filename>bindaetteok (99).jpg</filename>
	<path>D:\downloads\fooDetector\bindaetteok\bindaetteok (99).jpg</path>
	<source>
		<database>Unknown</database>
	</source>
	<size>
		<width>970</width>
		<height>728</height>
		<depth>3</depth>
	</size>
	<segmented>0</segmented>
	<object>
		<name>bindaetteok</name>
		<pose>Unspecified</pose>
		<truncated>0</truncated>
		<difficult>0</difficult>
		<bndbox>
			<xmin>26</xmin>
			<ymin>66</ymin>
			<xmax>924</xmax>
			<ymax>697</ymax>
		</bndbox>
	</object>
</annotation>
