<annotation>
	<folder>bindaetteok</folder>
	<filename>bindaetteok (121).jpg</filename>
	<path>D:\downloads\fooDetector\bindaetteok\bindaetteok (121).jpg</path>
	<source>
		<database>Unknown</database>
	</source>
	<size>
		<width>1200</width>
		<height>600</height>
		<depth>3</depth>
	</size>
	<segmented>0</segmented>
	<object>
		<name>bindaetteok</name>
		<pose>Unspecified</pose>
		<truncated>0</truncated>
		<difficult>0</difficult>
		<bndbox>
			<xmin>78</xmin>
			<ymin>2</ymin>
			<xmax>757</xmax>
			<ymax>473</ymax>
		</bndbox>
	</object>
</annotation>
