<annotation>
	<folder>bindaetteok</folder>
	<filename>bindaetteok (51).jpg</filename>
	<path>D:\downloads\fooDetector\bindaetteok\bindaetteok (51).jpg</path>
	<source>
		<database>Unknown</database>
	</source>
	<size>
		<width>533</width>
		<height>300</height>
		<depth>3</depth>
	</size>
	<segmented>0</segmented>
	<object>
		<name>bindaetteok</name>
		<pose>Unspecified</pose>
		<truncated>0</truncated>
		<difficult>0</difficult>
		<bndbox>
			<xmin>124</xmin>
			<ymin>41</ymin>
			<xmax>402</xmax>
			<ymax>249</ymax>
		</bndbox>
	</object>
</annotation>
