<annotation>
	<folder>bindaetteok</folder>
	<filename>bindaetteok (52).jpg</filename>
	<path>D:\downloads\fooDetector\bindaetteok\bindaetteok (52).jpg</path>
	<source>
		<database>Unknown</database>
	</source>
	<size>
		<width>2048</width>
		<height>1152</height>
		<depth>3</depth>
	</size>
	<segmented>0</segmented>
	<object>
		<name>bindaetteok</name>
		<pose>Unspecified</pose>
		<truncated>0</truncated>
		<difficult>0</difficult>
		<bndbox>
			<xmin>840</xmin>
			<ymin>315</ymin>
			<xmax>1610</xmax>
			<ymax>936</ymax>
		</bndbox>
	</object>
</annotation>
