<annotation>
	<folder>bindaetteok</folder>
	<filename>bindaetteok (40).jpg</filename>
	<path>D:\downloads\fooDetector\bindaetteok\bindaetteok (40).jpg</path>
	<source>
		<database>Unknown</database>
	</source>
	<size>
		<width>640</width>
		<height>830</height>
		<depth>3</depth>
	</size>
	<segmented>0</segmented>
	<object>
		<name>bindaetteok</name>
		<pose>Unspecified</pose>
		<truncated>0</truncated>
		<difficult>0</difficult>
		<bndbox>
			<xmin>81</xmin>
			<ymin>305</ymin>
			<xmax>485</xmax>
			<ymax>701</ymax>
		</bndbox>
	</object>
</annotation>
