<annotation>
	<folder>bindaetteok</folder>
	<filename>bindaetteok (38).jpg</filename>
	<path>D:\downloads\fooDetector\bindaetteok\bindaetteok (38).jpg</path>
	<source>
		<database>Unknown</database>
	</source>
	<size>
		<width>970</width>
		<height>1339</height>
		<depth>3</depth>
	</size>
	<segmented>0</segmented>
	<object>
		<name>bindaetteok</name>
		<pose>Unspecified</pose>
		<truncated>0</truncated>
		<difficult>0</difficult>
		<bndbox>
			<xmin>240</xmin>
			<ymin>416</ymin>
			<xmax>761</xmax>
			<ymax>941</ymax>
		</bndbox>
	</object>
</annotation>
