<annotation>
	<folder>bindaetteok</folder>
	<filename>bindaetteok (105).jpg</filename>
	<path>D:\downloads\fooDetector\bindaetteok\bindaetteok (105).jpg</path>
	<source>
		<database>Unknown</database>
	</source>
	<size>
		<width>630</width>
		<height>878</height>
		<depth>3</depth>
	</size>
	<segmented>0</segmented>
	<object>
		<name>bindaetteok</name>
		<pose>Unspecified</pose>
		<truncated>0</truncated>
		<difficult>0</difficult>
		<bndbox>
			<xmin>132</xmin>
			<ymin>375</ymin>
			<xmax>607</xmax>
			<ymax>674</ymax>
		</bndbox>
	</object>
</annotation>
