<annotation>
	<folder>bindaetteok</folder>
	<filename>bindaetteok (59).jpg</filename>
	<path>D:\downloads\fooDetector\bindaetteok\bindaetteok (59).jpg</path>
	<source>
		<database>Unknown</database>
	</source>
	<size>
		<width>480</width>
		<height>360</height>
		<depth>3</depth>
	</size>
	<segmented>0</segmented>
	<object>
		<name>bindaetteok</name>
		<pose>Unspecified</pose>
		<truncated>0</truncated>
		<difficult>0</difficult>
		<bndbox>
			<xmin>67</xmin>
			<ymin>109</ymin>
			<xmax>378</xmax>
			<ymax>316</ymax>
		</bndbox>
	</object>
</annotation>
