<annotation>
	<folder>bindaetteok</folder>
	<filename>bindaetteok (42).jpg</filename>
	<path>D:\downloads\fooDetector\bindaetteok\bindaetteok (42).jpg</path>
	<source>
		<database>Unknown</database>
	</source>
	<size>
		<width>600</width>
		<height>602</height>
		<depth>3</depth>
	</size>
	<segmented>0</segmented>
	<object>
		<name>bindaetteok</name>
		<pose>Unspecified</pose>
		<truncated>1</truncated>
		<difficult>0</difficult>
		<bndbox>
			<xmin>3</xmin>
			<ymin>151</ymin>
			<xmax>523</xmax>
			<ymax>602</ymax>
		</bndbox>
	</object>
</annotation>
