<annotation>
	<folder>bindaetteok</folder>
	<filename>bindaetteok (62).jpg</filename>
	<path>D:\downloads\fooDetector\bindaetteok\bindaetteok (62).jpg</path>
	<source>
		<database>Unknown</database>
	</source>
	<size>
		<width>1200</width>
		<height>900</height>
		<depth>3</depth>
	</size>
	<segmented>0</segmented>
	<object>
		<name>bindaetteok</name>
		<pose>Unspecified</pose>
		<truncated>0</truncated>
		<difficult>0</difficult>
		<bndbox>
			<xmin>67</xmin>
			<ymin>251</ymin>
			<xmax>1090</xmax>
			<ymax>743</ymax>
		</bndbox>
	</object>
</annotation>
