<annotation>
	<folder>bindaetteok</folder>
	<filename>bindaetteok (70).jpg</filename>
	<path>D:\downloads\fooDetector\bindaetteok\bindaetteok (70).jpg</path>
	<source>
		<database>Unknown</database>
	</source>
	<size>
		<width>684</width>
		<height>1024</height>
		<depth>3</depth>
	</size>
	<segmented>0</segmented>
	<object>
		<name>bindaetteok</name>
		<pose>Unspecified</pose>
		<truncated>0</truncated>
		<difficult>0</difficult>
		<bndbox>
			<xmin>9</xmin>
			<ymin>71</ymin>
			<xmax>663</xmax>
			<ymax>940</ymax>
		</bndbox>
	</object>
</annotation>
