<annotation>
	<folder>bindaetteok</folder>
	<filename>bindaetteok (79).jpg</filename>
	<path>D:\downloads\fooDetector\bindaetteok\bindaetteok (79).jpg</path>
	<source>
		<database>Unknown</database>
	</source>
	<size>
		<width>600</width>
		<height>503</height>
		<depth>3</depth>
	</size>
	<segmented>0</segmented>
	<object>
		<name>bindaetteok</name>
		<pose>Unspecified</pose>
		<truncated>0</truncated>
		<difficult>0</difficult>
		<bndbox>
			<xmin>107</xmin>
			<ymin>137</ymin>
			<xmax>493</xmax>
			<ymax>455</ymax>
		</bndbox>
	</object>
</annotation>
