<annotation>
	<folder>bindaetteok</folder>
	<filename>bindaetteok (17).jpg</filename>
	<path>D:\downloads\fooDetector\bindaetteok\bindaetteok (17).jpg</path>
	<source>
		<database>Unknown</database>
	</source>
	<size>
		<width>1200</width>
		<height>900</height>
		<depth>3</depth>
	</size>
	<segmented>0</segmented>
	<object>
		<name>bindaetteok</name>
		<pose>Unspecified</pose>
		<truncated>1</truncated>
		<difficult>0</difficult>
		<bndbox>
			<xmin>119</xmin>
			<ymin>25</ymin>
			<xmax>1200</xmax>
			<ymax>876</ymax>
		</bndbox>
	</object>
</annotation>
