<annotation>
	<folder>bindaetteok</folder>
	<filename>bindaetteok (4).jpg</filename>
	<path>D:\downloads\fooDetector\bindaetteok\bindaetteok (4).jpg</path>
	<source>
		<database>Unknown</database>
	</source>
	<size>
		<width>500</width>
		<height>500</height>
		<depth>3</depth>
	</size>
	<segmented>0</segmented>
	<object>
		<name>bindaetteok</name>
		<pose>Unspecified</pose>
		<truncated>1</truncated>
		<difficult>0</difficult>
		<bndbox>
			<xmin>58</xmin>
			<ymin>31</ymin>
			<xmax>500</xmax>
			<ymax>497</ymax>
		</bndbox>
	</object>
</annotation>
