<annotation>
	<folder>bindaetteok</folder>
	<filename>bindaetteok (29).jpg</filename>
	<path>D:\downloads\fooDetector\bindaetteok\bindaetteok (29).jpg</path>
	<source>
		<database>Unknown</database>
	</source>
	<size>
		<width>2472</width>
		<height>1776</height>
		<depth>3</depth>
	</size>
	<segmented>0</segmented>
	<object>
		<name>bindaetteok</name>
		<pose>Unspecified</pose>
		<truncated>1</truncated>
		<difficult>0</difficult>
		<bndbox>
			<xmin>8</xmin>
			<ymin>65</ymin>
			<xmax>2472</xmax>
			<ymax>1715</ymax>
		</bndbox>
	</object>
</annotation>
