<annotation>
	<folder>bindaetteok</folder>
	<filename>bindaetteok (80).jpg</filename>
	<path>D:\downloads\fooDetector\bindaetteok\bindaetteok (80).jpg</path>
	<source>
		<database>Unknown</database>
	</source>
	<size>
		<width>500</width>
		<height>500</height>
		<depth>3</depth>
	</size>
	<segmented>0</segmented>
	<object>
		<name>bindaetteok</name>
		<pose>Unspecified</pose>
		<truncated>1</truncated>
		<difficult>0</difficult>
		<bndbox>
			<xmin>1</xmin>
			<ymin>87</ymin>
			<xmax>438</xmax>
			<ymax>403</ymax>
		</bndbox>
	</object>
</annotation>
