<annotation>
	<folder>bindaetteok</folder>
	<filename>bindaetteok (7).jpg</filename>
	<path>D:\downloads\fooDetector\bindaetteok\bindaetteok (7).jpg</path>
	<source>
		<database>Unknown</database>
	</source>
	<size>
		<width>640</width>
		<height>830</height>
		<depth>3</depth>
	</size>
	<segmented>0</segmented>
	<object>
		<name>bindaetteok</name>
		<pose>Unspecified</pose>
		<truncated>0</truncated>
		<difficult>0</difficult>
		<bndbox>
			<xmin>19</xmin>
			<ymin>166</ymin>
			<xmax>529</xmax>
			<ymax>547</ymax>
		</bndbox>
	</object>
</annotation>
