<annotation>
	<folder>bindaetteok</folder>
	<filename>bindaetteok (2).jpg</filename>
	<path>D:\downloads\fooDetector\bindaetteok\bindaetteok (2).jpg</path>
	<source>
		<database>Unknown</database>
	</source>
	<size>
		<width>2500</width>
		<height>1830</height>
		<depth>3</depth>
	</size>
	<segmented>0</segmented>
	<object>
		<name>bindaetteok</name>
		<pose>Unspecified</pose>
		<truncated>1</truncated>
		<difficult>0</difficult>
		<bndbox>
			<xmin>25</xmin>
			<ymin>124</ymin>
			<xmax>2500</xmax>
			<ymax>1745</ymax>
		</bndbox>
	</object>
</annotation>
