<annotation>
	<folder>bindaetteok</folder>
	<filename>bindaetteok (11).jpg</filename>
	<path>D:\downloads\fooDetector\bindaetteok\bindaetteok (11).jpg</path>
	<source>
		<database>Unknown</database>
	</source>
	<size>
		<width>550</width>
		<height>764</height>
		<depth>3</depth>
	</size>
	<segmented>0</segmented>
	<object>
		<name>bindaetteok</name>
		<pose>Unspecified</pose>
		<truncated>1</truncated>
		<difficult>0</difficult>
		<bndbox>
			<xmin>16</xmin>
			<ymin>1</ymin>
			<xmax>550</xmax>
			<ymax>501</ymax>
		</bndbox>
	</object>
</annotation>
