<annotation>
	<folder>bindaetteok</folder>
	<filename>bindaetteok (14).jpg</filename>
	<path>D:\downloads\fooDetector\bindaetteok\bindaetteok (14).jpg</path>
	<source>
		<database>Unknown</database>
	</source>
	<size>
		<width>1280</width>
		<height>720</height>
		<depth>3</depth>
	</size>
	<segmented>0</segmented>
	<object>
		<name>bindaetteok</name>
		<pose>Unspecified</pose>
		<truncated>1</truncated>
		<difficult>0</difficult>
		<bndbox>
			<xmin>15</xmin>
			<ymin>158</ymin>
			<xmax>1280</xmax>
			<ymax>594</ymax>
		</bndbox>
	</object>
</annotation>
