<annotation>
	<folder>bindaetteok</folder>
	<filename>bindaetteok (36).jpg</filename>
	<path>D:\downloads\fooDetector\bindaetteok\bindaetteok (36).jpg</path>
	<source>
		<database>Unknown</database>
	</source>
	<size>
		<width>528</width>
		<height>705</height>
		<depth>3</depth>
	</size>
	<segmented>0</segmented>
	<object>
		<name>bindaetteok</name>
		<pose>Unspecified</pose>
		<truncated>0</truncated>
		<difficult>0</difficult>
		<bndbox>
			<xmin>78</xmin>
			<ymin>171</ymin>
			<xmax>430</xmax>
			<ymax>587</ymax>
		</bndbox>
	</object>
</annotation>
