<annotation>
	<folder>bindaetteok</folder>
	<filename>bindaetteok (25).jpg</filename>
	<path>D:\downloads\fooDetector\bindaetteok\bindaetteok (25).jpg</path>
	<source>
		<database>Unknown</database>
	</source>
	<size>
		<width>4160</width>
		<height>3120</height>
		<depth>3</depth>
	</size>
	<segmented>0</segmented>
	<object>
		<name>bindaetteok</name>
		<pose>Unspecified</pose>
		<truncated>0</truncated>
		<difficult>0</difficult>
		<bndbox>
			<xmin>1115</xmin>
			<ymin>350</ymin>
			<xmax>3503</xmax>
			<ymax>2369</ymax>
		</bndbox>
	</object>
</annotation>
