<annotation>
	<folder>bindaetteok</folder>
	<filename>bindaetteok (82).jpg</filename>
	<path>D:\downloads\fooDetector\bindaetteok\bindaetteok (82).jpg</path>
	<source>
		<database>Unknown</database>
	</source>
	<size>
		<width>2592</width>
		<height>1944</height>
		<depth>3</depth>
	</size>
	<segmented>0</segmented>
	<object>
		<name>bindaetteok</name>
		<pose>Unspecified</pose>
		<truncated>0</truncated>
		<difficult>0</difficult>
		<bndbox>
			<xmin>324</xmin>
			<ymin>357</ymin>
			<xmax>2241</xmax>
			<ymax>1735</ymax>
		</bndbox>
	</object>
</annotation>
