<annotation>
	<folder>bindaetteok</folder>
	<filename>bindaetteok (86).jpg</filename>
	<path>D:\downloads\fooDetector\bindaetteok\bindaetteok (86).jpg</path>
	<source>
		<database>Unknown</database>
	</source>
	<size>
		<width>1440</width>
		<height>1063</height>
		<depth>3</depth>
	</size>
	<segmented>0</segmented>
	<object>
		<name>bindaetteok</name>
		<pose>Unspecified</pose>
		<truncated>0</truncated>
		<difficult>0</difficult>
		<bndbox>
			<xmin>191</xmin>
			<ymin>339</ymin>
			<xmax>734</xmax>
			<ymax>878</ymax>
		</bndbox>
	</object>
</annotation>
