<annotation>
	<folder>bindaetteok</folder>
	<filename>bindaetteok (76).jpg</filename>
	<path>D:\downloads\fooDetector\bindaetteok\bindaetteok (76).jpg</path>
	<source>
		<database>Unknown</database>
	</source>
	<size>
		<width>500</width>
		<height>600</height>
		<depth>3</depth>
	</size>
	<segmented>0</segmented>
	<object>
		<name>bindaetteok</name>
		<pose>Unspecified</pose>
		<truncated>0</truncated>
		<difficult>0</difficult>
		<bndbox>
			<xmin>103</xmin>
			<ymin>310</ymin>
			<xmax>421</xmax>
			<ymax>496</ymax>
		</bndbox>
	</object>
</annotation>
