<annotation>
	<folder>bindaetteok</folder>
	<filename>bindaetteok (112).jpg</filename>
	<path>D:\downloads\fooDetector\bindaetteok\bindaetteok (112).jpg</path>
	<source>
		<database>Unknown</database>
	</source>
	<size>
		<width>1600</width>
		<height>504</height>
		<depth>3</depth>
	</size>
	<segmented>0</segmented>
	<object>
		<name>bindaetteok</name>
		<pose>Unspecified</pose>
		<truncated>0</truncated>
		<difficult>0</difficult>
		<bndbox>
			<xmin>65</xmin>
			<ymin>108</ymin>
			<xmax>514</xmax>
			<ymax>376</ymax>
		</bndbox>
	</object>
	<object>
		<name>bindaetteok</name>
		<pose>Unspecified</pose>
		<truncated>0</truncated>
		<difficult>0</difficult>
		<bndbox>
			<xmin>1054</xmin>
			<ymin>105</ymin>
			<xmax>1584</xmax>
			<ymax>348</ymax>
		</bndbox>
	</object>
</annotation>
