<annotation>
	<folder>bindaetteok</folder>
	<filename>bindaetteok (123).jpg</filename>
	<path>D:\downloads\fooDetector\bindaetteok\bindaetteok (123).jpg</path>
	<source>
		<database>Unknown</database>
	</source>
	<size>
		<width>800</width>
		<height>533</height>
		<depth>3</depth>
	</size>
	<segmented>0</segmented>
	<object>
		<name>bindaetteok</name>
		<pose>Unspecified</pose>
		<truncated>1</truncated>
		<difficult>0</difficult>
		<bndbox>
			<xmin>5</xmin>
			<ymin>84</ymin>
			<xmax>670</xmax>
			<ymax>533</ymax>
		</bndbox>
	</object>
</annotation>
