<annotation>
	<folder>bindaetteok</folder>
	<filename>bindaetteok (31).jpg</filename>
	<path>D:\downloads\fooDetector\bindaetteok\bindaetteok (31).jpg</path>
	<source>
		<database>Unknown</database>
	</source>
	<size>
		<width>650</width>
		<height>407</height>
		<depth>3</depth>
	</size>
	<segmented>0</segmented>
	<object>
		<name>bindaetteok</name>
		<pose>Unspecified</pose>
		<truncated>1</truncated>
		<difficult>0</difficult>
		<bndbox>
			<xmin>1</xmin>
			<ymin>31</ymin>
			<xmax>647</xmax>
			<ymax>370</ymax>
		</bndbox>
	</object>
</annotation>
