<annotation>
	<folder>bindaetteok</folder>
	<filename>bindaetteok (128).jpeg</filename>
	<path>D:\downloads\fooDetector\bindaetteok\bindaetteok (128).jpeg</path>
	<source>
		<database>Unknown</database>
	</source>
	<size>
		<width>826</width>
		<height>620</height>
		<depth>3</depth>
	</size>
	<segmented>0</segmented>
	<object>
		<name>bindaetteok</name>
		<pose>Unspecified</pose>
		<truncated>0</truncated>
		<difficult>0</difficult>
		<bndbox>
			<xmin>204</xmin>
			<ymin>280</ymin>
			<xmax>808</xmax>
			<ymax>584</ymax>
		</bndbox>
	</object>
</annotation>
