<annotation>
	<folder>bindaetteok</folder>
	<filename>bindaetteok (77).jpg</filename>
	<path>D:\downloads\fooDetector\bindaetteok\bindaetteok (77).jpg</path>
	<source>
		<database>Unknown</database>
	</source>
	<size>
		<width>729</width>
		<height>478</height>
		<depth>3</depth>
	</size>
	<segmented>0</segmented>
	<object>
		<name>bindaetteok</name>
		<pose>Unspecified</pose>
		<truncated>0</truncated>
		<difficult>0</difficult>
		<bndbox>
			<xmin>191</xmin>
			<ymin>49</ymin>
			<xmax>552</xmax>
			<ymax>408</ymax>
		</bndbox>
	</object>
</annotation>
