<annotation>
	<folder>bindaetteok</folder>
	<filename>bindaetteok (3).jpg</filename>
	<path>D:\downloads\fooDetector\bindaetteok\bindaetteok (3).jpg</path>
	<source>
		<database>Unknown</database>
	</source>
	<size>
		<width>730</width>
		<height>500</height>
		<depth>3</depth>
	</size>
	<segmented>0</segmented>
	<object>
		<name>bindaetteok</name>
		<pose>Unspecified</pose>
		<truncated>0</truncated>
		<difficult>0</difficult>
		<bndbox>
			<xmin>175</xmin>
			<ymin>120</ymin>
			<xmax>554</xmax>
			<ymax>418</ymax>
		</bndbox>
	</object>
</annotation>
