<annotation>
	<folder>bindaetteok</folder>
	<filename>bindaetteok (107).jpg</filename>
	<path>D:\downloads\fooDetector\bindaetteok\bindaetteok (107).jpg</path>
	<source>
		<database>Unknown</database>
	</source>
	<size>
		<width>338</width>
		<height>450</height>
		<depth>3</depth>
	</size>
	<segmented>0</segmented>
	<object>
		<name>bindaetteok</name>
		<pose>Unspecified</pose>
		<truncated>0</truncated>
		<difficult>0</difficult>
		<bndbox>
			<xmin>28</xmin>
			<ymin>69</ymin>
			<xmax>336</xmax>
			<ymax>385</ymax>
		</bndbox>
	</object>
</annotation>
