<annotation>
	<folder>bindaetteok</folder>
	<filename>bindaetteok (46).jpg</filename>
	<path>D:\downloads\fooDetector\bindaetteok\bindaetteok (46).jpg</path>
	<source>
		<database>Unknown</database>
	</source>
	<size>
		<width>540</width>
		<height>654</height>
		<depth>3</depth>
	</size>
	<segmented>0</segmented>
	<object>
		<name>bindaetteok</name>
		<pose>Unspecified</pose>
		<truncated>0</truncated>
		<difficult>0</difficult>
		<bndbox>
			<xmin>57</xmin>
			<ymin>213</ymin>
			<xmax>480</xmax>
			<ymax>562</ymax>
		</bndbox>
	</object>
</annotation>
