<annotation>
	<folder>bindaetteok</folder>
	<filename>bindaetteok (19).jpg</filename>
	<path>D:\downloads\fooDetector\bindaetteok\bindaetteok (19).jpg</path>
	<source>
		<database>Unknown</database>
	</source>
	<size>
		<width>900</width>
		<height>506</height>
		<depth>3</depth>
	</size>
	<segmented>0</segmented>
	<object>
		<name>bindaetteok</name>
		<pose>Unspecified</pose>
		<truncated>1</truncated>
		<difficult>0</difficult>
		<bndbox>
			<xmin>17</xmin>
			<ymin>84</ymin>
			<xmax>824</xmax>
			<ymax>506</ymax>
		</bndbox>
	</object>
</annotation>
