<annotation>
	<folder>bindaetteok</folder>
	<filename>bindaetteok (117).jpg</filename>
	<path>D:\downloads\fooDetector\bindaetteok\bindaetteok (117).jpg</path>
	<source>
		<database>Unknown</database>
	</source>
	<size>
		<width>1000</width>
		<height>1225</height>
		<depth>3</depth>
	</size>
	<segmented>0</segmented>
	<object>
		<name>bindaetteok</name>
		<pose>Unspecified</pose>
		<truncated>0</truncated>
		<difficult>0</difficult>
		<bndbox>
			<xmin>3</xmin>
			<ymin>403</ymin>
			<xmax>882</xmax>
			<ymax>1192</ymax>
		</bndbox>
	</object>
</annotation>
