<annotation>
	<folder>bindaetteok</folder>
	<filename>bindaetteok (50).jpg</filename>
	<path>D:\downloads\fooDetector\bindaetteok\bindaetteok (50).jpg</path>
	<source>
		<database>Unknown</database>
	</source>
	<size>
		<width>550</width>
		<height>309</height>
		<depth>3</depth>
	</size>
	<segmented>0</segmented>
	<object>
		<name>bindaetteok</name>
		<pose>Unspecified</pose>
		<truncated>0</truncated>
		<difficult>0</difficult>
		<bndbox>
			<xmin>90</xmin>
			<ymin>84</ymin>
			<xmax>309</xmax>
			<ymax>261</ymax>
		</bndbox>
	</object>
</annotation>
