<annotation>
	<folder>bindaetteok</folder>
	<filename>bindaetteok (127).jpeg</filename>
	<path>D:\downloads\fooDetector\bindaetteok\bindaetteok (127).jpeg</path>
	<source>
		<database>Unknown</database>
	</source>
	<size>
		<width>3024</width>
		<height>4032</height>
		<depth>3</depth>
	</size>
	<segmented>0</segmented>
	<object>
		<name>bindaetteok</name>
		<pose>Unspecified</pose>
		<truncated>1</truncated>
		<difficult>0</difficult>
		<bndbox>
			<xmin>2</xmin>
			<ymin>12</ymin>
			<xmax>3024</xmax>
			<ymax>3340</ymax>
		</bndbox>
	</object>
</annotation>
