<annotation>
	<folder>bindaetteok</folder>
	<filename>bindaetteok (37).jpg</filename>
	<path>D:\downloads\fooDetector\bindaetteok\bindaetteok (37).jpg</path>
	<source>
		<database>Unknown</database>
	</source>
	<size>
		<width>463</width>
		<height>581</height>
		<depth>3</depth>
	</size>
	<segmented>0</segmented>
	<object>
		<name>bindaetteok</name>
		<pose>Unspecified</pose>
		<truncated>1</truncated>
		<difficult>0</difficult>
		<bndbox>
			<xmin>82</xmin>
			<ymin>186</ymin>
			<xmax>463</xmax>
			<ymax>464</ymax>
		</bndbox>
	</object>
</annotation>
