<annotation>
	<folder>bindaetteok</folder>
	<filename>bindaetteok (55).jpg</filename>
	<path>D:\downloads\fooDetector\bindaetteok\bindaetteok (55).jpg</path>
	<source>
		<database>Unknown</database>
	</source>
	<size>
		<width>2000</width>
		<height>1404</height>
		<depth>3</depth>
	</size>
	<segmented>0</segmented>
	<object>
		<name>bindaetteok</name>
		<pose>Unspecified</pose>
		<truncated>1</truncated>
		<difficult>0</difficult>
		<bndbox>
			<xmin>167</xmin>
			<ymin>4</ymin>
			<xmax>1843</xmax>
			<ymax>1404</ymax>
		</bndbox>
	</object>
</annotation>
