<annotation>
	<folder>bindaetteok</folder>
	<filename>bindaetteok (110).jpg</filename>
	<path>D:\downloads\fooDetector\bindaetteok\bindaetteok (110).jpg</path>
	<source>
		<database>Unknown</database>
	</source>
	<size>
		<width>650</width>
		<height>974</height>
		<depth>3</depth>
	</size>
	<segmented>0</segmented>
	<object>
		<name>bindaetteok</name>
		<pose>Unspecified</pose>
		<truncated>0</truncated>
		<difficult>0</difficult>
		<bndbox>
			<xmin>22</xmin>
			<ymin>404</ymin>
			<xmax>635</xmax>
			<ymax>821</ymax>
		</bndbox>
	</object>
</annotation>
