<annotation>
	<folder>bindaetteok</folder>
	<filename>bindaetteok (1).jpg</filename>
	<path>D:\downloads\fooDetector\bindaetteok\bindaetteok (1).jpg</path>
	<source>
		<database>Unknown</database>
	</source>
	<size>
		<width>700</width>
		<height>466</height>
		<depth>3</depth>
	</size>
	<segmented>0</segmented>
	<object>
		<name>bindaetteok</name>
		<pose>Unspecified</pose>
		<truncated>0</truncated>
		<difficult>0</difficult>
		<bndbox>
			<xmin>118</xmin>
			<ymin>89</ymin>
			<xmax>588</xmax>
			<ymax>323</ymax>
		</bndbox>
	</object>
</annotation>
