<annotation>
	<folder>bindaetteok</folder>
	<filename>bindaetteok (98).jpg</filename>
	<path>D:\downloads\fooDetector\bindaetteok\bindaetteok (98).jpg</path>
	<source>
		<database>Unknown</database>
	</source>
	<size>
		<width>367</width>
		<height>400</height>
		<depth>3</depth>
	</size>
	<segmented>0</segmented>
	<object>
		<name>bindaetteok</name>
		<pose>Unspecified</pose>
		<truncated>0</truncated>
		<difficult>0</difficult>
		<bndbox>
			<xmin>17</xmin>
			<ymin>16</ymin>
			<xmax>360</xmax>
			<ymax>370</ymax>
		</bndbox>
	</object>
</annotation>
