<annotation>
	<folder>bindaetteok</folder>
	<filename>bindaetteok (68).jpg</filename>
	<path>D:\downloads\fooDetector\bindaetteok\bindaetteok (68).jpg</path>
	<source>
		<database>Unknown</database>
	</source>
	<size>
		<width>550</width>
		<height>413</height>
		<depth>3</depth>
	</size>
	<segmented>0</segmented>
	<object>
		<name>bindaetteok</name>
		<pose>Unspecified</pose>
		<truncated>0</truncated>
		<difficult>0</difficult>
		<bndbox>
			<xmin>76</xmin>
			<ymin>16</ymin>
			<xmax>524</xmax>
			<ymax>344</ymax>
		</bndbox>
	</object>
</annotation>
