<annotation>
	<folder>bindaetteok</folder>
	<filename>bindaetteok (81).jpg</filename>
	<path>D:\downloads\fooDetector\bindaetteok\bindaetteok (81).jpg</path>
	<source>
		<database>Unknown</database>
	</source>
	<size>
		<width>600</width>
		<height>533</height>
		<depth>3</depth>
	</size>
	<segmented>0</segmented>
	<object>
		<name>bindaetteok</name>
		<pose>Unspecified</pose>
		<truncated>0</truncated>
		<difficult>0</difficult>
		<bndbox>
			<xmin>53</xmin>
			<ymin>50</ymin>
			<xmax>540</xmax>
			<ymax>418</ymax>
		</bndbox>
	</object>
</annotation>
