<annotation>
	<folder>bindaetteok</folder>
	<filename>bindaetteok (64).jpg</filename>
	<path>D:\downloads\fooDetector\bindaetteok\bindaetteok (64).jpg</path>
	<source>
		<database>Unknown</database>
	</source>
	<size>
		<width>400</width>
		<height>514</height>
		<depth>3</depth>
	</size>
	<segmented>0</segmented>
	<object>
		<name>bindaetteok</name>
		<pose>Unspecified</pose>
		<truncated>0</truncated>
		<difficult>0</difficult>
		<bndbox>
			<xmin>130</xmin>
			<ymin>130</ymin>
			<xmax>296</xmax>
			<ymax>324</ymax>
		</bndbox>
	</object>
</annotation>
