<annotation>
	<folder>bindaetteok</folder>
	<filename>bindaetteok (27).jpg</filename>
	<path>D:\downloads\fooDetector\bindaetteok\bindaetteok (27).jpg</path>
	<source>
		<database>Unknown</database>
	</source>
	<size>
		<width>650</width>
		<height>974</height>
		<depth>3</depth>
	</size>
	<segmented>0</segmented>
	<object>
		<name>bindaetteok</name>
		<pose>Unspecified</pose>
		<truncated>1</truncated>
		<difficult>0</difficult>
		<bndbox>
			<xmin>65</xmin>
			<ymin>358</ymin>
			<xmax>650</xmax>
			<ymax>869</ymax>
		</bndbox>
	</object>
</annotation>
