<annotation>
	<folder>curryrice</folder>
	<filename>curryrice (11).jpg</filename>
	<path>D:\downloads\fooDetector\curryrice\curryrice (11).jpg</path>
	<source>
		<database>Unknown</database>
	</source>
	<size>
		<width>680</width>
		<height>952</height>
		<depth>3</depth>
	</size>
	<segmented>0</segmented>
	<object>
		<name>curryrice</name>
		<pose>Unspecified</pose>
		<truncated>0</truncated>
		<difficult>0</difficult>
		<bndbox>
			<xmin>2</xmin>
			<ymin>239</ymin>
			<xmax>661</xmax>
			<ymax>774</ymax>
		</bndbox>
	</object>
</annotation>
