<annotation>
	<folder>curryrice</folder>
	<filename>curryrice (55).jpg</filename>
	<path>D:\downloads\fooDetector\curryrice\curryrice (55).jpg</path>
	<source>
		<database>Unknown</database>
	</source>
	<size>
		<width>1232</width>
		<height>924</height>
		<depth>3</depth>
	</size>
	<segmented>0</segmented>
	<object>
		<name>curryrice</name>
		<pose>Unspecified</pose>
		<truncated>0</truncated>
		<difficult>0</difficult>
		<bndbox>
			<xmin>138</xmin>
			<ymin>178</ymin>
			<xmax>859</xmax>
			<ymax>886</ymax>
		</bndbox>
	</object>
</annotation>
