<annotation>
	<folder>curryrice</folder>
	<filename>curryrice (93).jpg</filename>
	<path>D:\downloads\fooDetector\curryrice\curryrice (93).jpg</path>
	<source>
		<database>Unknown</database>
	</source>
	<size>
		<width>720</width>
		<height>540</height>
		<depth>3</depth>
	</size>
	<segmented>0</segmented>
	<object>
		<name>curryrice</name>
		<pose>Unspecified</pose>
		<truncated>1</truncated>
		<difficult>0</difficult>
		<bndbox>
			<xmin>1</xmin>
			<ymin>149</ymin>
			<xmax>720</xmax>
			<ymax>539</ymax>
		</bndbox>
	</object>
</annotation>
