<annotation>
	<folder>curryrice</folder>
	<filename>curryrice (28).jpg</filename>
	<path>D:\downloads\fooDetector\curryrice\curryrice (28).jpg</path>
	<source>
		<database>Unknown</database>
	</source>
	<size>
		<width>500</width>
		<height>500</height>
		<depth>3</depth>
	</size>
	<segmented>0</segmented>
	<object>
		<name>curryrice</name>
		<pose>Unspecified</pose>
		<truncated>1</truncated>
		<difficult>0</difficult>
		<bndbox>
			<xmin>12</xmin>
			<ymin>43</ymin>
			<xmax>500</xmax>
			<ymax>429</ymax>
		</bndbox>
	</object>
	<object>
		<name>tonkatsu</name>
		<pose>Unspecified</pose>
		<truncated>0</truncated>
		<difficult>0</difficult>
		<bndbox>
			<xmin>164</xmin>
			<ymin>84</ymin>
			<xmax>465</xmax>
			<ymax>334</ymax>
		</bndbox>
	</object>
</annotation>
