<annotation>
	<folder>curryrice</folder>
	<filename>curryrice (23).jpg</filename>
	<path>D:\downloads\fooDetector\curryrice\curryrice (23).jpg</path>
	<source>
		<database>Unknown</database>
	</source>
	<size>
		<width>1216</width>
		<height>1216</height>
		<depth>3</depth>
	</size>
	<segmented>0</segmented>
	<object>
		<name>curryrice</name>
		<pose>Unspecified</pose>
		<truncated>1</truncated>
		<difficult>0</difficult>
		<bndbox>
			<xmin>213</xmin>
			<ymin>185</ymin>
			<xmax>1216</xmax>
			<ymax>1024</ymax>
		</bndbox>
	</object>
</annotation>
