<annotation>
	<folder>curryrice</folder>
	<filename>curryrice (117).png</filename>
	<path>D:\downloads\fooDetector\curryrice\curryrice (117).png</path>
	<source>
		<database>Unknown</database>
	</source>
	<size>
		<width>930</width>
		<height>762</height>
		<depth>3</depth>
	</size>
	<segmented>0</segmented>
	<object>
		<name>curryrice</name>
		<pose>Unspecified</pose>
		<truncated>0</truncated>
		<difficult>0</difficult>
		<bndbox>
			<xmin>100</xmin>
			<ymin>163</ymin>
			<xmax>779</xmax>
			<ymax>629</ymax>
		</bndbox>
	</object>
</annotation>
