<annotation>
	<folder>curryrice</folder>
	<filename>curryrice (12).jpg</filename>
	<path>D:\downloads\fooDetector\curryrice\curryrice (12).jpg</path>
	<source>
		<database>Unknown</database>
	</source>
	<size>
		<width>700</width>
		<height>480</height>
		<depth>3</depth>
	</size>
	<segmented>0</segmented>
	<object>
		<name>curryrice</name>
		<pose>Unspecified</pose>
		<truncated>0</truncated>
		<difficult>0</difficult>
		<bndbox>
			<xmin>140</xmin>
			<ymin>108</ymin>
			<xmax>697</xmax>
			<ymax>428</ymax>
		</bndbox>
	</object>
</annotation>
