<annotation>
	<folder>curryrice</folder>
	<filename>curryrice (58).jpg</filename>
	<path>D:\downloads\fooDetector\curryrice\curryrice (58).jpg</path>
	<source>
		<database>Unknown</database>
	</source>
	<size>
		<width>800</width>
		<height>600</height>
		<depth>3</depth>
	</size>
	<segmented>0</segmented>
	<object>
		<name>curryrice</name>
		<pose>Unspecified</pose>
		<truncated>0</truncated>
		<difficult>0</difficult>
		<bndbox>
			<xmin>93</xmin>
			<ymin>86</ymin>
			<xmax>530</xmax>
			<ymax>469</ymax>
		</bndbox>
	</object>
</annotation>
