<annotation>
	<folder>curryrice</folder>
	<filename>curryrice (109).jpg</filename>
	<path>D:\downloads\fooDetector\curryrice\curryrice (109).jpg</path>
	<source>
		<database>Unknown</database>
	</source>
	<size>
		<width>2448</width>
		<height>3060</height>
		<depth>3</depth>
	</size>
	<segmented>0</segmented>
	<object>
		<name>curryrice</name>
		<pose>Unspecified</pose>
		<truncated>0</truncated>
		<difficult>0</difficult>
		<bndbox>
			<xmin>49</xmin>
			<ymin>423</ymin>
			<xmax>2313</xmax>
			<ymax>2275</ymax>
		</bndbox>
	</object>
</annotation>
