<annotation>
	<folder>curryrice</folder>
	<filename>curryrice (14).jpg</filename>
	<path>D:\downloads\fooDetector\curryrice\curryrice (14).jpg</path>
	<source>
		<database>Unknown</database>
	</source>
	<size>
		<width>1024</width>
		<height>682</height>
		<depth>3</depth>
	</size>
	<segmented>0</segmented>
	<object>
		<name>curryrice</name>
		<pose>Unspecified</pose>
		<truncated>0</truncated>
		<difficult>0</difficult>
		<bndbox>
			<xmin>166</xmin>
			<ymin>122</ymin>
			<xmax>859</xmax>
			<ymax>603</ymax>
		</bndbox>
	</object>
</annotation>
