<annotation>
	<folder>curryrice</folder>
	<filename>curryrice (47).jpg</filename>
	<path>D:\downloads\fooDetector\curryrice\curryrice (47).jpg</path>
	<source>
		<database>Unknown</database>
	</source>
	<size>
		<width>600</width>
		<height>475</height>
		<depth>3</depth>
	</size>
	<segmented>0</segmented>
	<object>
		<name>curryrice</name>
		<pose>Unspecified</pose>
		<truncated>0</truncated>
		<difficult>0</difficult>
		<bndbox>
			<xmin>142</xmin>
			<ymin>56</ymin>
			<xmax>451</xmax>
			<ymax>354</ymax>
		</bndbox>
	</object>
</annotation>
