<annotation>
	<folder>curryrice</folder>
	<filename>curryrice (94).jpg</filename>
	<path>D:\downloads\fooDetector\curryrice\curryrice (94).jpg</path>
	<source>
		<database>Unknown</database>
	</source>
	<size>
		<width>480</width>
		<height>360</height>
		<depth>3</depth>
	</size>
	<segmented>0</segmented>
	<object>
		<name>curryrice</name>
		<pose>Unspecified</pose>
		<truncated>0</truncated>
		<difficult>0</difficult>
		<bndbox>
			<xmin>10</xmin>
			<ymin>112</ymin>
			<xmax>304</xmax>
			<ymax>308</ymax>
		</bndbox>
	</object>
</annotation>
