<annotation>
	<folder>curryrice</folder>
	<filename>curryrice (53).jpg</filename>
	<path>D:\downloads\fooDetector\curryrice\curryrice (53).jpg</path>
	<source>
		<database>Unknown</database>
	</source>
	<size>
		<width>567</width>
		<height>378</height>
		<depth>3</depth>
	</size>
	<segmented>0</segmented>
	<object>
		<name>curryrice</name>
		<pose>Unspecified</pose>
		<truncated>0</truncated>
		<difficult>0</difficult>
		<bndbox>
			<xmin>126</xmin>
			<ymin>110</ymin>
			<xmax>467</xmax>
			<ymax>302</ymax>
		</bndbox>
	</object>
</annotation>
