<annotation>
	<folder>curryrice</folder>
	<filename>curryrice (57).jpg</filename>
	<path>D:\downloads\fooDetector\curryrice\curryrice (57).jpg</path>
	<source>
		<database>Unknown</database>
	</source>
	<size>
		<width>599</width>
		<height>401</height>
		<depth>3</depth>
	</size>
	<segmented>0</segmented>
	<object>
		<name>curryrice</name>
		<pose>Unspecified</pose>
		<truncated>1</truncated>
		<difficult>0</difficult>
		<bndbox>
			<xmin>34</xmin>
			<ymin>23</ymin>
			<xmax>599</xmax>
			<ymax>386</ymax>
		</bndbox>
	</object>
</annotation>
