<annotation>
	<folder>curryrice</folder>
	<filename>curryrice (74).jpg</filename>
	<path>D:\downloads\fooDetector\curryrice\curryrice (74).jpg</path>
	<source>
		<database>Unknown</database>
	</source>
	<size>
		<width>5520</width>
		<height>4140</height>
		<depth>3</depth>
	</size>
	<segmented>0</segmented>
	<object>
		<name>curryrice</name>
		<pose>Unspecified</pose>
		<truncated>0</truncated>
		<difficult>0</difficult>
		<bndbox>
			<xmin>351</xmin>
			<ymin>345</ymin>
			<xmax>5406</xmax>
			<ymax>3299</ymax>
		</bndbox>
	</object>
</annotation>
