<annotation>
	<folder>curryrice</folder>
	<filename>curryrice (38).jpg</filename>
	<path>D:\downloads\fooDetector\curryrice\curryrice (38).jpg</path>
	<source>
		<database>Unknown</database>
	</source>
	<size>
		<width>800</width>
		<height>768</height>
		<depth>3</depth>
	</size>
	<segmented>0</segmented>
	<object>
		<name>curryrice</name>
		<pose>Unspecified</pose>
		<truncated>0</truncated>
		<difficult>0</difficult>
		<bndbox>
			<xmin>61</xmin>
			<ymin>53</ymin>
			<xmax>747</xmax>
			<ymax>726</ymax>
		</bndbox>
	</object>
</annotation>
