<annotation>
	<folder>curryrice</folder>
	<filename>curryrice (50).jpg</filename>
	<path>D:\downloads\fooDetector\curryrice\curryrice (50).jpg</path>
	<source>
		<database>Unknown</database>
	</source>
	<size>
		<width>533</width>
		<height>800</height>
		<depth>3</depth>
	</size>
	<segmented>0</segmented>
	<object>
		<name>curryrice</name>
		<pose>Unspecified</pose>
		<truncated>1</truncated>
		<difficult>0</difficult>
		<bndbox>
			<xmin>316</xmin>
			<ymin>26</ymin>
			<xmax>533</xmax>
			<ymax>314</ymax>
		</bndbox>
	</object>
	<object>
		<name>curryrice</name>
		<pose>Unspecified</pose>
		<truncated>0</truncated>
		<difficult>0</difficult>
		<bndbox>
			<xmin>17</xmin>
			<ymin>280</ymin>
			<xmax>372</xmax>
			<ymax>557</ymax>
		</bndbox>
	</object>
	<object>
		<name>curryrice</name>
		<pose>Unspecified</pose>
		<truncated>1</truncated>
		<difficult>0</difficult>
		<bndbox>
			<xmin>137</xmin>
			<ymin>564</ymin>
			<xmax>451</xmax>
			<ymax>800</ymax>
		</bndbox>
	</object>
</annotation>
