<annotation>
	<folder>curryrice</folder>
	<filename>curryrice (71).jpg</filename>
	<path>D:\downloads\fooDetector\curryrice\curryrice (71).jpg</path>
	<source>
		<database>Unknown</database>
	</source>
	<size>
		<width>550</width>
		<height>413</height>
		<depth>3</depth>
	</size>
	<segmented>0</segmented>
	<object>
		<name>curryrice</name>
		<pose>Unspecified</pose>
		<truncated>0</truncated>
		<difficult>0</difficult>
		<bndbox>
			<xmin>34</xmin>
			<ymin>32</ymin>
			<xmax>499</xmax>
			<ymax>384</ymax>
		</bndbox>
	</object>
</annotation>
