<annotation>
	<folder>curryrice</folder>
	<filename>curryrice (62).jpg</filename>
	<path>D:\downloads\fooDetector\curryrice\curryrice (62).jpg</path>
	<source>
		<database>Unknown</database>
	</source>
	<size>
		<width>2000</width>
		<height>1334</height>
		<depth>3</depth>
	</size>
	<segmented>0</segmented>
	<object>
		<name>curryrice</name>
		<pose>Unspecified</pose>
		<truncated>0</truncated>
		<difficult>0</difficult>
		<bndbox>
			<xmin>169</xmin>
			<ymin>211</ymin>
			<xmax>1113</xmax>
			<ymax>1106</ymax>
		</bndbox>
	</object>
</annotation>
