<annotation>
	<folder>curryrice</folder>
	<filename>curryrice (83).jpg</filename>
	<path>D:\downloads\fooDetector\curryrice\curryrice (83).jpg</path>
	<source>
		<database>Unknown</database>
	</source>
	<size>
		<width>966</width>
		<height>644</height>
		<depth>3</depth>
	</size>
	<segmented>0</segmented>
	<object>
		<name>curryrice</name>
		<pose>Unspecified</pose>
		<truncated>0</truncated>
		<difficult>0</difficult>
		<bndbox>
			<xmin>303</xmin>
			<ymin>156</ymin>
			<xmax>748</xmax>
			<ymax>554</ymax>
		</bndbox>
	</object>
</annotation>
