<annotation>
	<folder>curryrice</folder>
	<filename>curryrice (35).jpg</filename>
	<path>D:\downloads\fooDetector\curryrice\curryrice (35).jpg</path>
	<source>
		<database>Unknown</database>
	</source>
	<size>
		<width>1200</width>
		<height>1644</height>
		<depth>3</depth>
	</size>
	<segmented>0</segmented>
	<object>
		<name>curryrice</name>
		<pose>Unspecified</pose>
		<truncated>1</truncated>
		<difficult>0</difficult>
		<bndbox>
			<xmin>405</xmin>
			<ymin>733</ymin>
			<xmax>1200</xmax>
			<ymax>1344</ymax>
		</bndbox>
	</object>
</annotation>
