<annotation>
	<folder>curryrice</folder>
	<filename>curryrice (112).jpg</filename>
	<path>D:\downloads\fooDetector\curryrice\curryrice (112).jpg</path>
	<source>
		<database>Unknown</database>
	</source>
	<size>
		<width>457</width>
		<height>548</height>
		<depth>3</depth>
	</size>
	<segmented>0</segmented>
	<object>
		<name>curryrice</name>
		<pose>Unspecified</pose>
		<truncated>1</truncated>
		<difficult>0</difficult>
		<bndbox>
			<xmin>1</xmin>
			<ymin>62</ymin>
			<xmax>457</xmax>
			<ymax>495</ymax>
		</bndbox>
	</object>
</annotation>
