<annotation>
	<folder>curryrice</folder>
	<filename>curryrice (36).jpg</filename>
	<path>D:\downloads\fooDetector\curryrice\curryrice (36).jpg</path>
	<source>
		<database>Unknown</database>
	</source>
	<size>
		<width>1500</width>
		<height>970</height>
		<depth>3</depth>
	</size>
	<segmented>0</segmented>
	<object>
		<name>curryrice</name>
		<pose>Unspecified</pose>
		<truncated>0</truncated>
		<difficult>0</difficult>
		<bndbox>
			<xmin>204</xmin>
			<ymin>291</ymin>
			<xmax>1115</xmax>
			<ymax>843</ymax>
		</bndbox>
	</object>
</annotation>
