<annotation>
	<folder>curryrice</folder>
	<filename>curryrice (81).jpg</filename>
	<path>D:\downloads\fooDetector\curryrice\curryrice (81).jpg</path>
	<source>
		<database>Unknown</database>
	</source>
	<size>
		<width>940</width>
		<height>788</height>
		<depth>3</depth>
	</size>
	<segmented>0</segmented>
	<object>
		<name>curryrice</name>
		<pose>Unspecified</pose>
		<truncated>0</truncated>
		<difficult>0</difficult>
		<bndbox>
			<xmin>179</xmin>
			<ymin>294</ymin>
			<xmax>710</xmax>
			<ymax>644</ymax>
		</bndbox>
	</object>
</annotation>
