<annotation>
	<folder>curryrice</folder>
	<filename>curryrice (19).jpg</filename>
	<path>D:\downloads\fooDetector\curryrice\curryrice (19).jpg</path>
	<source>
		<database>Unknown</database>
	</source>
	<size>
		<width>640</width>
		<height>480</height>
		<depth>3</depth>
	</size>
	<segmented>0</segmented>
	<object>
		<name>curryrice</name>
		<pose>Unspecified</pose>
		<truncated>0</truncated>
		<difficult>0</difficult>
		<bndbox>
			<xmin>39</xmin>
			<ymin>44</ymin>
			<xmax>638</xmax>
			<ymax>430</ymax>
		</bndbox>
	</object>
</annotation>
