<annotation>
	<folder>curryrice</folder>
	<filename>curryrice (21).jpg</filename>
	<path>D:\downloads\fooDetector\curryrice\curryrice (21).jpg</path>
	<source>
		<database>Unknown</database>
	</source>
	<size>
		<width>4000</width>
		<height>3000</height>
		<depth>3</depth>
	</size>
	<segmented>0</segmented>
	<object>
		<name>curryrice</name>
		<pose>Unspecified</pose>
		<truncated>0</truncated>
		<difficult>0</difficult>
		<bndbox>
			<xmin>522</xmin>
			<ymin>154</ymin>
			<xmax>3622</xmax>
			<ymax>2848</ymax>
		</bndbox>
	</object>
</annotation>
