<annotation>
	<folder>curryrice</folder>
	<filename>curryrice (25).jpg</filename>
	<path>D:\downloads\fooDetector\curryrice\curryrice (25).jpg</path>
	<source>
		<database>Unknown</database>
	</source>
	<size>
		<width>1980</width>
		<height>1320</height>
		<depth>3</depth>
	</size>
	<segmented>0</segmented>
	<object>
		<name>curryrice</name>
		<pose>Unspecified</pose>
		<truncated>0</truncated>
		<difficult>0</difficult>
		<bndbox>
			<xmin>445</xmin>
			<ymin>122</ymin>
			<xmax>1481</xmax>
			<ymax>1129</ymax>
		</bndbox>
	</object>
</annotation>
