<annotation>
	<folder>curryrice</folder>
	<filename>curryrice (52).jpg</filename>
	<path>D:\downloads\fooDetector\curryrice\curryrice (52).jpg</path>
	<source>
		<database>Unknown</database>
	</source>
	<size>
		<width>800</width>
		<height>1200</height>
		<depth>3</depth>
	</size>
	<segmented>0</segmented>
	<object>
		<name>curryrice</name>
		<pose>Unspecified</pose>
		<truncated>1</truncated>
		<difficult>0</difficult>
		<bndbox>
			<xmin>99</xmin>
			<ymin>490</ymin>
			<xmax>800</xmax>
			<ymax>932</ymax>
		</bndbox>
	</object>
</annotation>
