<annotation>
	<folder>curryrice</folder>
	<filename>curryrice (56).jpg</filename>
	<path>D:\downloads\fooDetector\curryrice\curryrice (56).jpg</path>
	<source>
		<database>Unknown</database>
	</source>
	<size>
		<width>463</width>
		<height>555</height>
		<depth>3</depth>
	</size>
	<segmented>0</segmented>
	<object>
		<name>curryrice</name>
		<pose>Unspecified</pose>
		<truncated>1</truncated>
		<difficult>0</difficult>
		<bndbox>
			<xmin>1</xmin>
			<ymin>51</ymin>
			<xmax>463</xmax>
			<ymax>532</ymax>
		</bndbox>
	</object>
</annotation>
