<annotation>
	<folder>curryrice</folder>
	<filename>curryrice (48).jpg</filename>
	<path>D:\downloads\fooDetector\curryrice\curryrice (48).jpg</path>
	<source>
		<database>Unknown</database>
	</source>
	<size>
		<width>600</width>
		<height>797</height>
		<depth>3</depth>
	</size>
	<segmented>0</segmented>
	<object>
		<name>curryrice</name>
		<pose>Unspecified</pose>
		<truncated>1</truncated>
		<difficult>0</difficult>
		<bndbox>
			<xmin>2</xmin>
			<ymin>12</ymin>
			<xmax>600</xmax>
			<ymax>381</ymax>
		</bndbox>
	</object>
</annotation>
