<annotation>
	<folder>curryrice</folder>
	<filename>curryrice (118).jpeg</filename>
	<path>D:\downloads\fooDetector\curryrice\curryrice (118).jpeg</path>
	<source>
		<database>Unknown</database>
	</source>
	<size>
		<width>1500</width>
		<height>1000</height>
		<depth>3</depth>
	</size>
	<segmented>0</segmented>
	<object>
		<name>curryrice</name>
		<pose>Unspecified</pose>
		<truncated>0</truncated>
		<difficult>0</difficult>
		<bndbox>
			<xmin>447</xmin>
			<ymin>283</ymin>
			<xmax>1441</xmax>
			<ymax>857</ymax>
		</bndbox>
	</object>
</annotation>
