<annotation>
	<folder>curryrice</folder>
	<filename>curryrice (108).jpg</filename>
	<path>D:\downloads\fooDetector\curryrice\curryrice (108).jpg</path>
	<source>
		<database>Unknown</database>
	</source>
	<size>
		<width>1200</width>
		<height>630</height>
		<depth>3</depth>
	</size>
	<segmented>0</segmented>
	<object>
		<name>curryrice</name>
		<pose>Unspecified</pose>
		<truncated>1</truncated>
		<difficult>0</difficult>
		<bndbox>
			<xmin>340</xmin>
			<ymin>173</ymin>
			<xmax>971</xmax>
			<ymax>630</ymax>
		</bndbox>
	</object>
	<object>
		<name>tonkatsu</name>
		<pose>Unspecified</pose>
		<truncated>0</truncated>
		<difficult>0</difficult>
		<bndbox>
			<xmin>518</xmin>
			<ymin>95</ymin>
			<xmax>915</xmax>
			<ymax>304</ymax>
		</bndbox>
	</object>
</annotation>
