<annotation>
	<folder>curryrice</folder>
	<filename>curryrice (114).png</filename>
	<path>D:\downloads\fooDetector\curryrice\curryrice (114).png</path>
	<source>
		<database>Unknown</database>
	</source>
	<size>
		<width>497</width>
		<height>377</height>
		<depth>3</depth>
	</size>
	<segmented>0</segmented>
	<object>
		<name>curryrice</name>
		<pose>Unspecified</pose>
		<truncated>0</truncated>
		<difficult>0</difficult>
		<bndbox>
			<xmin>99</xmin>
			<ymin>31</ymin>
			<xmax>434</xmax>
			<ymax>310</ymax>
		</bndbox>
	</object>
</annotation>
