<annotation>
	<folder>curryrice</folder>
	<filename>curryrice (119).jpeg</filename>
	<path>D:\downloads\fooDetector\curryrice\curryrice (119).jpeg</path>
	<source>
		<database>Unknown</database>
	</source>
	<size>
		<width>720</width>
		<height>540</height>
		<depth>3</depth>
	</size>
	<segmented>0</segmented>
	<object>
		<name>curryrice</name>
		<pose>Unspecified</pose>
		<truncated>0</truncated>
		<difficult>0</difficult>
		<bndbox>
			<xmin>343</xmin>
			<ymin>130</ymin>
			<xmax>654</xmax>
			<ymax>451</ymax>
		</bndbox>
	</object>
	<object>
		<name>tonkatsu</name>
		<pose>Unspecified</pose>
		<truncated>0</truncated>
		<difficult>0</difficult>
		<bndbox>
			<xmin>374</xmin>
			<ymin>136</ymin>
			<xmax>553</xmax>
			<ymax>326</ymax>
		</bndbox>
	</object>
</annotation>
