<annotation>
	<folder>curryrice</folder>
	<filename>curryrice (26).jpg</filename>
	<path>D:\downloads\fooDetector\curryrice\curryrice (26).jpg</path>
	<source>
		<database>Unknown</database>
	</source>
	<size>
		<width>450</width>
		<height>300</height>
		<depth>3</depth>
	</size>
	<segmented>0</segmented>
	<object>
		<name>curryrice</name>
		<pose>Unspecified</pose>
		<truncated>0</truncated>
		<difficult>0</difficult>
		<bndbox>
			<xmin>63</xmin>
			<ymin>32</ymin>
			<xmax>392</xmax>
			<ymax>263</ymax>
		</bndbox>
	</object>
</annotation>
