<annotation>
	<folder>curryrice</folder>
	<filename>curryrice (105).jpg</filename>
	<path>D:\downloads\fooDetector\curryrice\curryrice (105).jpg</path>
	<source>
		<database>Unknown</database>
	</source>
	<size>
		<width>3711</width>
		<height>2592</height>
		<depth>3</depth>
	</size>
	<segmented>0</segmented>
	<object>
		<name>curryrice</name>
		<pose>Unspecified</pose>
		<truncated>0</truncated>
		<difficult>0</difficult>
		<bndbox>
			<xmin>515</xmin>
			<ymin>511</ymin>
			<xmax>3202</xmax>
			<ymax>2206</ymax>
		</bndbox>
	</object>
</annotation>
