<annotation>
	<folder>curryrice</folder>
	<filename>curryrice (110).jpg</filename>
	<path>D:\downloads\fooDetector\curryrice\curryrice (110).jpg</path>
	<source>
		<database>Unknown</database>
	</source>
	<size>
		<width>440</width>
		<height>330</height>
		<depth>3</depth>
	</size>
	<segmented>0</segmented>
	<object>
		<name>curryrice</name>
		<pose>Unspecified</pose>
		<truncated>0</truncated>
		<difficult>0</difficult>
		<bndbox>
			<xmin>11</xmin>
			<ymin>51</ymin>
			<xmax>401</xmax>
			<ymax>283</ymax>
		</bndbox>
	</object>
</annotation>
