<annotation>
	<folder>curryrice</folder>
	<filename>curryrice (24).jpg</filename>
	<path>D:\downloads\fooDetector\curryrice\curryrice (24).jpg</path>
	<source>
		<database>Unknown</database>
	</source>
	<size>
		<width>800</width>
		<height>600</height>
		<depth>3</depth>
	</size>
	<segmented>0</segmented>
	<object>
		<name>curryrice</name>
		<pose>Unspecified</pose>
		<truncated>0</truncated>
		<difficult>0</difficult>
		<bndbox>
			<xmin>27</xmin>
			<ymin>24</ymin>
			<xmax>745</xmax>
			<ymax>589</ymax>
		</bndbox>
	</object>
</annotation>
