<annotation>
	<folder>curryrice</folder>
	<filename>curryrice (72).jpg</filename>
	<path>D:\downloads\fooDetector\curryrice\curryrice (72).jpg</path>
	<source>
		<database>Unknown</database>
	</source>
	<size>
		<width>640</width>
		<height>400</height>
		<depth>3</depth>
	</size>
	<segmented>0</segmented>
	<object>
		<name>curryrice</name>
		<pose>Unspecified</pose>
		<truncated>0</truncated>
		<difficult>0</difficult>
		<bndbox>
			<xmin>27</xmin>
			<ymin>33</ymin>
			<xmax>598</xmax>
			<ymax>344</ymax>
		</bndbox>
	</object>
</annotation>
