<annotation>
	<folder>curryrice</folder>
	<filename>curryrice (46).jpg</filename>
	<path>D:\downloads\fooDetector\curryrice\curryrice (46).jpg</path>
	<source>
		<database>Unknown</database>
	</source>
	<size>
		<width>900</width>
		<height>977</height>
		<depth>3</depth>
	</size>
	<segmented>0</segmented>
	<object>
		<name>curryrice</name>
		<pose>Unspecified</pose>
		<truncated>0</truncated>
		<difficult>0</difficult>
		<bndbox>
			<xmin>188</xmin>
			<ymin>471</ymin>
			<xmax>888</xmax>
			<ymax>814</ymax>
		</bndbox>
	</object>
</annotation>
