<annotation>
	<folder>curryrice</folder>
	<filename>curryrice (68).jpg</filename>
	<path>D:\downloads\fooDetector\curryrice\curryrice (68).jpg</path>
	<source>
		<database>Unknown</database>
	</source>
	<size>
		<width>620</width>
		<height>930</height>
		<depth>3</depth>
	</size>
	<segmented>0</segmented>
	<object>
		<name>curryrice</name>
		<pose>Unspecified</pose>
		<truncated>1</truncated>
		<difficult>0</difficult>
		<bndbox>
			<xmin>1</xmin>
			<ymin>306</ymin>
			<xmax>589</xmax>
			<ymax>859</ymax>
		</bndbox>
	</object>
</annotation>
