<annotation>
	<folder>curryrice</folder>
	<filename>curryrice (73).jpg</filename>
	<path>D:\downloads\fooDetector\curryrice\curryrice (73).jpg</path>
	<source>
		<database>Unknown</database>
	</source>
	<size>
		<width>280</width>
		<height>245</height>
		<depth>3</depth>
	</size>
	<segmented>0</segmented>
	<object>
		<name>curryrice</name>
		<pose>Unspecified</pose>
		<truncated>0</truncated>
		<difficult>0</difficult>
		<bndbox>
			<xmin>2</xmin>
			<ymin>13</ymin>
			<xmax>229</xmax>
			<ymax>205</ymax>
		</bndbox>
	</object>
</annotation>
