<annotation>
	<folder>curryrice</folder>
	<filename>curryrice (98).jpg</filename>
	<path>D:\downloads\fooDetector\curryrice\curryrice (98).jpg</path>
	<source>
		<database>Unknown</database>
	</source>
	<size>
		<width>1512</width>
		<height>2016</height>
		<depth>3</depth>
	</size>
	<segmented>0</segmented>
	<object>
		<name>curryrice</name>
		<pose>Unspecified</pose>
		<truncated>0</truncated>
		<difficult>0</difficult>
		<bndbox>
			<xmin>390</xmin>
			<ymin>582</ymin>
			<xmax>1258</xmax>
			<ymax>1498</ymax>
		</bndbox>
	</object>
</annotation>
