<annotation>
	<folder>curryrice</folder>
	<filename>curryrice (17).jpg</filename>
	<path>D:\downloads\fooDetector\curryrice\curryrice (17).jpg</path>
	<source>
		<database>Unknown</database>
	</source>
	<size>
		<width>500</width>
		<height>333</height>
		<depth>3</depth>
	</size>
	<segmented>0</segmented>
	<object>
		<name>curryrice</name>
		<pose>Unspecified</pose>
		<truncated>0</truncated>
		<difficult>0</difficult>
		<bndbox>
			<xmin>129</xmin>
			<ymin>101</ymin>
			<xmax>417</xmax>
			<ymax>258</ymax>
		</bndbox>
	</object>
</annotation>
