<annotation>
	<folder>curryrice</folder>
	<filename>curryrice (51).jpg</filename>
	<path>D:\downloads\fooDetector\curryrice\curryrice (51).jpg</path>
	<source>
		<database>Unknown</database>
	</source>
	<size>
		<width>1200</width>
		<height>1800</height>
		<depth>3</depth>
	</size>
	<segmented>0</segmented>
	<object>
		<name>curryrice</name>
		<pose>Unspecified</pose>
		<truncated>0</truncated>
		<difficult>0</difficult>
		<bndbox>
			<xmin>3</xmin>
			<ymin>949</ymin>
			<xmax>865</xmax>
			<ymax>1581</ymax>
		</bndbox>
	</object>
</annotation>
