<annotation>
	<folder>curryrice</folder>
	<filename>curryrice (61).jpg</filename>
	<path>D:\downloads\fooDetector\curryrice\curryrice (61).jpg</path>
	<source>
		<database>Unknown</database>
	</source>
	<size>
		<width>634</width>
		<height>300</height>
		<depth>3</depth>
	</size>
	<segmented>0</segmented>
	<object>
		<name>curryrice</name>
		<pose>Unspecified</pose>
		<truncated>0</truncated>
		<difficult>0</difficult>
		<bndbox>
			<xmin>135</xmin>
			<ymin>78</ymin>
			<xmax>400</xmax>
			<ymax>237</ymax>
		</bndbox>
	</object>
</annotation>
