<annotation>
	<folder>curryrice</folder>
	<filename>curryrice (70).jpg</filename>
	<path>D:\downloads\fooDetector\curryrice\curryrice (70).jpg</path>
	<source>
		<database>Unknown</database>
	</source>
	<size>
		<width>457</width>
		<height>280</height>
		<depth>3</depth>
	</size>
	<segmented>0</segmented>
	<object>
		<name>curryrice</name>
		<pose>Unspecified</pose>
		<truncated>0</truncated>
		<difficult>0</difficult>
		<bndbox>
			<xmin>74</xmin>
			<ymin>28</ymin>
			<xmax>428</xmax>
			<ymax>253</ymax>
		</bndbox>
	</object>
</annotation>
