<annotation>
	<folder>curryrice</folder>
	<filename>curryrice (96).jpg</filename>
	<path>D:\downloads\fooDetector\curryrice\curryrice (96).jpg</path>
	<source>
		<database>Unknown</database>
	</source>
	<size>
		<width>1280</width>
		<height>622</height>
		<depth>3</depth>
	</size>
	<segmented>0</segmented>
	<object>
		<name>curryrice</name>
		<pose>Unspecified</pose>
		<truncated>0</truncated>
		<difficult>0</difficult>
		<bndbox>
			<xmin>222</xmin>
			<ymin>116</ymin>
			<xmax>876</xmax>
			<ymax>583</ymax>
		</bndbox>
	</object>
</annotation>
