<annotation>
	<folder>curryrice</folder>
	<filename>curryrice (67).jpg</filename>
	<path>D:\downloads\fooDetector\curryrice\curryrice (67).jpg</path>
	<source>
		<database>Unknown</database>
	</source>
	<size>
		<width>638</width>
		<height>427</height>
		<depth>3</depth>
	</size>
	<segmented>0</segmented>
	<object>
		<name>curryrice</name>
		<pose>Unspecified</pose>
		<truncated>0</truncated>
		<difficult>0</difficult>
		<bndbox>
			<xmin>124</xmin>
			<ymin>64</ymin>
			<xmax>518</xmax>
			<ymax>404</ymax>
		</bndbox>
	</object>
</annotation>
