<annotation>
	<folder>curryrice</folder>
	<filename>curryrice (92).jpg</filename>
	<path>D:\downloads\fooDetector\curryrice\curryrice (92).jpg</path>
	<source>
		<database>Unknown</database>
	</source>
	<size>
		<width>3184</width>
		<height>4413</height>
		<depth>3</depth>
	</size>
	<segmented>0</segmented>
	<object>
		<name>curryrice</name>
		<pose>Unspecified</pose>
		<truncated>0</truncated>
		<difficult>0</difficult>
		<bndbox>
			<xmin>423</xmin>
			<ymin>1228</ymin>
			<xmax>2759</xmax>
			<ymax>3492</ymax>
		</bndbox>
	</object>
</annotation>
