<annotation>
	<folder>curryrice</folder>
	<filename>curryrice (75).jpg</filename>
	<path>D:\downloads\fooDetector\curryrice\curryrice (75).jpg</path>
	<source>
		<database>Unknown</database>
	</source>
	<size>
		<width>1536</width>
		<height>1920</height>
		<depth>3</depth>
	</size>
	<segmented>0</segmented>
	<object>
		<name>curryrice</name>
		<pose>Unspecified</pose>
		<truncated>0</truncated>
		<difficult>0</difficult>
		<bndbox>
			<xmin>135</xmin>
			<ymin>404</ymin>
			<xmax>1423</xmax>
			<ymax>1485</ymax>
		</bndbox>
	</object>
</annotation>
