<annotation>
	<folder>curryrice</folder>
	<filename>curryrice (39).jpg</filename>
	<path>D:\downloads\fooDetector\curryrice\curryrice (39).jpg</path>
	<source>
		<database>Unknown</database>
	</source>
	<size>
		<width>617</width>
		<height>530</height>
		<depth>3</depth>
	</size>
	<segmented>0</segmented>
	<object>
		<name>curryrice</name>
		<pose>Unspecified</pose>
		<truncated>1</truncated>
		<difficult>0</difficult>
		<bndbox>
			<xmin>231</xmin>
			<ymin>72</ymin>
			<xmax>617</xmax>
			<ymax>316</ymax>
		</bndbox>
	</object>
</annotation>
