<annotation>
	<folder>curryrice</folder>
	<filename>curryrice (22).jpg</filename>
	<path>D:\downloads\fooDetector\curryrice\curryrice (22).jpg</path>
	<source>
		<database>Unknown</database>
	</source>
	<size>
		<width>1280</width>
		<height>720</height>
		<depth>3</depth>
	</size>
	<segmented>0</segmented>
	<object>
		<name>curryrice</name>
		<pose>Unspecified</pose>
		<truncated>0</truncated>
		<difficult>0</difficult>
		<bndbox>
			<xmin>169</xmin>
			<ymin>195</ymin>
			<xmax>1072</xmax>
			<ymax>635</ymax>
		</bndbox>
	</object>
</annotation>
