<annotation>
	<folder>curryrice</folder>
	<filename>curryrice (89).jpg</filename>
	<path>D:\downloads\fooDetector\curryrice\curryrice (89).jpg</path>
	<source>
		<database>Unknown</database>
	</source>
	<size>
		<width>1300</width>
		<height>569</height>
		<depth>3</depth>
	</size>
	<segmented>0</segmented>
	<object>
		<name>curryrice</name>
		<pose>Unspecified</pose>
		<truncated>0</truncated>
		<difficult>0</difficult>
		<bndbox>
			<xmin>517</xmin>
			<ymin>111</ymin>
			<xmax>1023</xmax>
			<ymax>489</ymax>
		</bndbox>
	</object>
	<object>
		<name>curryrice</name>
		<pose>Unspecified</pose>
		<truncated>1</truncated>
		<difficult>0</difficult>
		<bndbox>
			<xmin>95</xmin>
			<ymin>1</ymin>
			<xmax>558</xmax>
			<ymax>173</ymax>
		</bndbox>
	</object>
</annotation>
