<annotation>
	<folder>curryrice</folder>
	<filename>curryrice (111).jpg</filename>
	<path>D:\downloads\fooDetector\curryrice\curryrice (111).jpg</path>
	<source>
		<database>Unknown</database>
	</source>
	<size>
		<width>800</width>
		<height>1200</height>
		<depth>3</depth>
	</size>
	<segmented>0</segmented>
	<object>
		<name>curryrice</name>
		<pose>Unspecified</pose>
		<truncated>1</truncated>
		<difficult>0</difficult>
		<bndbox>
			<xmin>438</xmin>
			<ymin>125</ymin>
			<xmax>800</xmax>
			<ymax>423</ymax>
		</bndbox>
	</object>
	<object>
		<name>curryrice</name>
		<pose>Unspecified</pose>
		<truncated>1</truncated>
		<difficult>0</difficult>
		<bndbox>
			<xmin>4</xmin>
			<ymin>488</ymin>
			<xmax>800</xmax>
			<ymax>1078</ymax>
		</bndbox>
	</object>
</annotation>
