<annotation>
	<folder>curryrice</folder>
	<filename>curryrice (30).jpg</filename>
	<path>D:\downloads\fooDetector\curryrice\curryrice (30).jpg</path>
	<source>
		<database>Unknown</database>
	</source>
	<size>
		<width>220</width>
		<height>147</height>
		<depth>3</depth>
	</size>
	<segmented>0</segmented>
	<object>
		<name>curryrice</name>
		<pose>Unspecified</pose>
		<truncated>0</truncated>
		<difficult>0</difficult>
		<bndbox>
			<xmin>52</xmin>
			<ymin>34</ymin>
			<xmax>180</xmax>
			<ymax>123</ymax>
		</bndbox>
	</object>
</annotation>
