<annotation>
	<folder>curryrice</folder>
	<filename>curryrice (106).jpg</filename>
	<path>D:\downloads\fooDetector\curryrice\curryrice (106).jpg</path>
	<source>
		<database>Unknown</database>
	</source>
	<size>
		<width>768</width>
		<height>1024</height>
		<depth>3</depth>
	</size>
	<segmented>0</segmented>
	<object>
		<name>curryrice</name>
		<pose>Unspecified</pose>
		<truncated>0</truncated>
		<difficult>0</difficult>
		<bndbox>
			<xmin>87</xmin>
			<ymin>266</ymin>
			<xmax>699</xmax>
			<ymax>858</ymax>
		</bndbox>
	</object>
</annotation>
