<annotation>
	<folder>curryrice</folder>
	<filename>curryrice (45).jpg</filename>
	<path>D:\downloads\fooDetector\curryrice\curryrice (45).jpg</path>
	<source>
		<database>Unknown</database>
	</source>
	<size>
		<width>770</width>
		<height>433</height>
		<depth>3</depth>
	</size>
	<segmented>0</segmented>
	<object>
		<name>curryrice</name>
		<pose>Unspecified</pose>
		<truncated>0</truncated>
		<difficult>0</difficult>
		<bndbox>
			<xmin>236</xmin>
			<ymin>61</ymin>
			<xmax>600</xmax>
			<ymax>413</ymax>
		</bndbox>
	</object>
</annotation>
