<annotation>
	<folder>curryrice</folder>
	<filename>curryrice (37).jpg</filename>
	<path>D:\downloads\fooDetector\curryrice\curryrice (37).jpg</path>
	<source>
		<database>Unknown</database>
	</source>
	<size>
		<width>1280</width>
		<height>960</height>
		<depth>3</depth>
	</size>
	<segmented>0</segmented>
	<object>
		<name>curryrice</name>
		<pose>Unspecified</pose>
		<truncated>1</truncated>
		<difficult>0</difficult>
		<bndbox>
			<xmin>3</xmin>
			<ymin>3</ymin>
			<xmax>1074</xmax>
			<ymax>960</ymax>
		</bndbox>
	</object>
</annotation>
