<annotation>
	<folder>curryrice</folder>
	<filename>curryrice (32).jpg</filename>
	<path>D:\downloads\fooDetector\curryrice\curryrice (32).jpg</path>
	<source>
		<database>Unknown</database>
	</source>
	<size>
		<width>1200</width>
		<height>857</height>
		<depth>3</depth>
	</size>
	<segmented>0</segmented>
	<object>
		<name>curryrice</name>
		<pose>Unspecified</pose>
		<truncated>1</truncated>
		<difficult>0</difficult>
		<bndbox>
			<xmin>49</xmin>
			<ymin>73</ymin>
			<xmax>1147</xmax>
			<ymax>857</ymax>
		</bndbox>
	</object>
	<object>
		<name>tonkatsu</name>
		<pose>Unspecified</pose>
		<truncated>0</truncated>
		<difficult>0</difficult>
		<bndbox>
			<xmin>534</xmin>
			<ymin>75</ymin>
			<xmax>1160</xmax>
			<ymax>670</ymax>
		</bndbox>
	</object>
</annotation>
