<annotation>
	<folder>curryrice</folder>
	<filename>curryrice (107).jpg</filename>
	<path>D:\downloads\fooDetector\curryrice\curryrice (107).jpg</path>
	<source>
		<database>Unknown</database>
	</source>
	<size>
		<width>1260</width>
		<height>630</height>
		<depth>3</depth>
	</size>
	<segmented>0</segmented>
	<object>
		<name>curryrice</name>
		<pose>Unspecified</pose>
		<truncated>1</truncated>
		<difficult>0</difficult>
		<bndbox>
			<xmin>2</xmin>
			<ymin>254</ymin>
			<xmax>1042</xmax>
			<ymax>630</ymax>
		</bndbox>
	</object>
</annotation>
