<annotation>
	<folder>curryrice</folder>
	<filename>curryrice (64).jpg</filename>
	<path>D:\downloads\fooDetector\curryrice\curryrice (64).jpg</path>
	<source>
		<database>Unknown</database>
	</source>
	<size>
		<width>700</width>
		<height>1050</height>
		<depth>3</depth>
	</size>
	<segmented>0</segmented>
	<object>
		<name>curryrice</name>
		<pose>Unspecified</pose>
		<truncated>0</truncated>
		<difficult>0</difficult>
		<bndbox>
			<xmin>7</xmin>
			<ymin>530</ymin>
			<xmax>619</xmax>
			<ymax>987</ymax>
		</bndbox>
	</object>
</annotation>
