<annotation>
	<folder>curryrice</folder>
	<filename>curryrice (27).jpg</filename>
	<path>D:\downloads\fooDetector\curryrice\curryrice (27).jpg</path>
	<source>
		<database>Unknown</database>
	</source>
	<size>
		<width>800</width>
		<height>800</height>
		<depth>3</depth>
	</size>
	<segmented>0</segmented>
	<object>
		<name>curryrice</name>
		<pose>Unspecified</pose>
		<truncated>1</truncated>
		<difficult>0</difficult>
		<bndbox>
			<xmin>44</xmin>
			<ymin>75</ymin>
			<xmax>800</xmax>
			<ymax>712</ymax>
		</bndbox>
	</object>
</annotation>
