<annotation>
	<folder>curryrice</folder>
	<filename>curryrice (2).jpg</filename>
	<path>D:\downloads\fooDetector\curryrice\curryrice (2).jpg</path>
	<source>
		<database>Unknown</database>
	</source>
	<size>
		<width>500</width>
		<height>500</height>
		<depth>3</depth>
	</size>
	<segmented>0</segmented>
	<object>
		<name>curryrice</name>
		<pose>Unspecified</pose>
		<truncated>0</truncated>
		<difficult>0</difficult>
		<bndbox>
			<xmin>56</xmin>
			<ymin>108</ymin>
			<xmax>432</xmax>
			<ymax>436</ymax>
		</bndbox>
	</object>
</annotation>
