<annotation>
	<folder>curryrice</folder>
	<filename>curryrice (41).jpg</filename>
	<path>D:\downloads\fooDetector\curryrice\curryrice (41).jpg</path>
	<source>
		<database>Unknown</database>
	</source>
	<size>
		<width>1440</width>
		<height>1080</height>
		<depth>3</depth>
	</size>
	<segmented>0</segmented>
	<object>
		<name>curryrice</name>
		<pose>Unspecified</pose>
		<truncated>0</truncated>
		<difficult>0</difficult>
		<bndbox>
			<xmin>122</xmin>
			<ymin>36</ymin>
			<xmax>1290</xmax>
			<ymax>828</ymax>
		</bndbox>
	</object>
</annotation>
