<annotation>
	<folder>curryrice</folder>
	<filename>curryrice (42).jpg</filename>
	<path>D:\downloads\fooDetector\curryrice\curryrice (42).jpg</path>
	<source>
		<database>Unknown</database>
	</source>
	<size>
		<width>1500</width>
		<height>1125</height>
		<depth>3</depth>
	</size>
	<segmented>0</segmented>
	<object>
		<name>curryrice</name>
		<pose>Unspecified</pose>
		<truncated>0</truncated>
		<difficult>0</difficult>
		<bndbox>
			<xmin>101</xmin>
			<ymin>113</ymin>
			<xmax>1309</xmax>
			<ymax>741</ymax>
		</bndbox>
	</object>
</annotation>
