<annotation>
	<folder>curryrice</folder>
	<filename>curryrice (115).png</filename>
	<path>D:\downloads\fooDetector\curryrice\curryrice (115).png</path>
	<source>
		<database>Unknown</database>
	</source>
	<size>
		<width>920</width>
		<height>550</height>
		<depth>3</depth>
	</size>
	<segmented>0</segmented>
	<object>
		<name>curryrice</name>
		<pose>Unspecified</pose>
		<truncated>0</truncated>
		<difficult>0</difficult>
		<bndbox>
			<xmin>211</xmin>
			<ymin>105</ymin>
			<xmax>688</xmax>
			<ymax>458</ymax>
		</bndbox>
	</object>
</annotation>
