<annotation>
	<folder>curryrice</folder>
	<filename>curryrice (59).jpg</filename>
	<path>D:\downloads\fooDetector\curryrice\curryrice (59).jpg</path>
	<source>
		<database>Unknown</database>
	</source>
	<size>
		<width>800</width>
		<height>800</height>
		<depth>3</depth>
	</size>
	<segmented>0</segmented>
	<object>
		<name>curryrice</name>
		<pose>Unspecified</pose>
		<truncated>0</truncated>
		<difficult>0</difficult>
		<bndbox>
			<xmin>56</xmin>
			<ymin>76</ymin>
			<xmax>737</xmax>
			<ymax>745</ymax>
		</bndbox>
	</object>
	<object>
		<name>tonkatsu</name>
		<pose>Unspecified</pose>
		<truncated>0</truncated>
		<difficult>0</difficult>
		<bndbox>
			<xmin>169</xmin>
			<ymin>178</ymin>
			<xmax>622</xmax>
			<ymax>635</ymax>
		</bndbox>
	</object>
</annotation>
