<annotation>
	<folder>curryrice</folder>
	<filename>curryrice (76).jpg</filename>
	<path>D:\downloads\fooDetector\curryrice\curryrice (76).jpg</path>
	<source>
		<database>Unknown</database>
	</source>
	<size>
		<width>400</width>
		<height>322</height>
		<depth>3</depth>
	</size>
	<segmented>0</segmented>
	<object>
		<name>curryrice</name>
		<pose>Unspecified</pose>
		<truncated>1</truncated>
		<difficult>0</difficult>
		<bndbox>
			<xmin>99</xmin>
			<ymin>94</ymin>
			<xmax>400</xmax>
			<ymax>300</ymax>
		</bndbox>
	</object>
</annotation>
