<annotation>
	<folder>curryrice</folder>
	<filename>curryrice (43).jpg</filename>
	<path>D:\downloads\fooDetector\curryrice\curryrice (43).jpg</path>
	<source>
		<database>Unknown</database>
	</source>
	<size>
		<width>2053</width>
		<height>2053</height>
		<depth>3</depth>
	</size>
	<segmented>0</segmented>
	<object>
		<name>curryrice</name>
		<pose>Unspecified</pose>
		<truncated>0</truncated>
		<difficult>0</difficult>
		<bndbox>
			<xmin>639</xmin>
			<ymin>1048</ymin>
			<xmax>1596</xmax>
			<ymax>1597</ymax>
		</bndbox>
	</object>
</annotation>
