<annotation>
	<folder>curryrice</folder>
	<filename>curryrice (69).jpg</filename>
	<path>D:\downloads\fooDetector\curryrice\curryrice (69).jpg</path>
	<source>
		<database>Unknown</database>
	</source>
	<size>
		<width>800</width>
		<height>600</height>
		<depth>3</depth>
	</size>
	<segmented>0</segmented>
	<object>
		<name>curryrice</name>
		<pose>Unspecified</pose>
		<truncated>0</truncated>
		<difficult>0</difficult>
		<bndbox>
			<xmin>211</xmin>
			<ymin>47</ymin>
			<xmax>719</xmax>
			<ymax>544</ymax>
		</bndbox>
	</object>
</annotation>
