<annotation>
	<folder>curryrice</folder>
	<filename>curryrice (82).jpg</filename>
	<path>D:\downloads\fooDetector\curryrice\curryrice (82).jpg</path>
	<source>
		<database>Unknown</database>
	</source>
	<size>
		<width>449</width>
		<height>300</height>
		<depth>3</depth>
	</size>
	<segmented>0</segmented>
	<object>
		<name>curryrice</name>
		<pose>Unspecified</pose>
		<truncated>1</truncated>
		<difficult>0</difficult>
		<bndbox>
			<xmin>1</xmin>
			<ymin>89</ymin>
			<xmax>396</xmax>
			<ymax>300</ymax>
		</bndbox>
	</object>
</annotation>
