<annotation>
	<folder>curryrice</folder>
	<filename>curryrice (49).jpg</filename>
	<path>D:\downloads\fooDetector\curryrice\curryrice (49).jpg</path>
	<source>
		<database>Unknown</database>
	</source>
	<size>
		<width>1200</width>
		<height>679</height>
		<depth>3</depth>
	</size>
	<segmented>0</segmented>
	<object>
		<name>curryrice</name>
		<pose>Unspecified</pose>
		<truncated>0</truncated>
		<difficult>0</difficult>
		<bndbox>
			<xmin>174</xmin>
			<ymin>81</ymin>
			<xmax>1114</xmax>
			<ymax>600</ymax>
		</bndbox>
	</object>
</annotation>
