<annotation>
	<folder>curryrice</folder>
	<filename>curryrice (31).jpg</filename>
	<path>D:\downloads\fooDetector\curryrice\curryrice (31).jpg</path>
	<source>
		<database>Unknown</database>
	</source>
	<size>
		<width>1600</width>
		<height>710</height>
		<depth>3</depth>
	</size>
	<segmented>0</segmented>
	<object>
		<name>curryrice</name>
		<pose>Unspecified</pose>
		<truncated>0</truncated>
		<difficult>0</difficult>
		<bndbox>
			<xmin>446</xmin>
			<ymin>139</ymin>
			<xmax>1224</xmax>
			<ymax>621</ymax>
		</bndbox>
	</object>
</annotation>
