<annotation>
	<folder>curryrice</folder>
	<filename>curryrice (7).jpg</filename>
	<path>D:\downloads\fooDetector\curryrice\curryrice (7).jpg</path>
	<source>
		<database>Unknown</database>
	</source>
	<size>
		<width>4288</width>
		<height>2848</height>
		<depth>3</depth>
	</size>
	<segmented>0</segmented>
	<object>
		<name>curryrice</name>
		<pose>Unspecified</pose>
		<truncated>0</truncated>
		<difficult>0</difficult>
		<bndbox>
			<xmin>1078</xmin>
			<ymin>529</ymin>
			<xmax>3361</xmax>
			<ymax>2532</ymax>
		</bndbox>
	</object>
</annotation>
