<annotation>
	<folder>curryrice</folder>
	<filename>curryrice (78).jpg</filename>
	<path>D:\downloads\fooDetector\curryrice\curryrice (78).jpg</path>
	<source>
		<database>Unknown</database>
	</source>
	<size>
		<width>960</width>
		<height>720</height>
		<depth>3</depth>
	</size>
	<segmented>0</segmented>
	<object>
		<name>curryrice</name>
		<pose>Unspecified</pose>
		<truncated>1</truncated>
		<difficult>0</difficult>
		<bndbox>
			<xmin>1</xmin>
			<ymin>1</ymin>
			<xmax>491</xmax>
			<ymax>664</ymax>
		</bndbox>
	</object>
	<object>
		<name>tonkatsu</name>
		<pose>Unspecified</pose>
		<truncated>0</truncated>
		<difficult>0</difficult>
		<bndbox>
			<xmin>456</xmin>
			<ymin>13</ymin>
			<xmax>929</xmax>
			<ymax>666</ymax>
		</bndbox>
	</object>
</annotation>
