<annotation>
	<folder>curryrice</folder>
	<filename>curryrice (33).jpg</filename>
	<path>D:\downloads\fooDetector\curryrice\curryrice (33).jpg</path>
	<source>
		<database>Unknown</database>
	</source>
	<size>
		<width>700</width>
		<height>467</height>
		<depth>3</depth>
	</size>
	<segmented>0</segmented>
	<object>
		<name>curryrice</name>
		<pose>Unspecified</pose>
		<truncated>1</truncated>
		<difficult>0</difficult>
		<bndbox>
			<xmin>2</xmin>
			<ymin>18</ymin>
			<xmax>636</xmax>
			<ymax>467</ymax>
		</bndbox>
	</object>
</annotation>
