<annotation>
	<folder>curryrice</folder>
	<filename>curryrice (60).jpg</filename>
	<path>D:\downloads\fooDetector\curryrice\curryrice (60).jpg</path>
	<source>
		<database>Unknown</database>
	</source>
	<size>
		<width>3024</width>
		<height>3024</height>
		<depth>3</depth>
	</size>
	<segmented>0</segmented>
	<object>
		<name>curryrice</name>
		<pose>Unspecified</pose>
		<truncated>0</truncated>
		<difficult>0</difficult>
		<bndbox>
			<xmin>330</xmin>
			<ymin>414</ymin>
			<xmax>2669</xmax>
			<ymax>2487</ymax>
		</bndbox>
	</object>
</annotation>
