<annotation>
	<folder>curryrice</folder>
	<filename>curryrice (15).jpg</filename>
	<path>D:\downloads\fooDetector\curryrice\curryrice (15).jpg</path>
	<source>
		<database>Unknown</database>
	</source>
	<size>
		<width>740</width>
		<height>490</height>
		<depth>3</depth>
	</size>
	<segmented>0</segmented>
	<object>
		<name>curryrice</name>
		<pose>Unspecified</pose>
		<truncated>0</truncated>
		<difficult>0</difficult>
		<bndbox>
			<xmin>106</xmin>
			<ymin>56</ymin>
			<xmax>651</xmax>
			<ymax>407</ymax>
		</bndbox>
	</object>
</annotation>
