<annotation>
	<folder>ddukguk</folder>
	<filename>ddukguk (77).jpg</filename>
	<path>D:\downloads\fooDetector\ddukguk\ddukguk (77).jpg</path>
	<source>
		<database>Unknown</database>
	</source>
	<size>
		<width>1500</width>
		<height>1500</height>
		<depth>3</depth>
	</size>
	<segmented>0</segmented>
	<object>
		<name>ddukguk</name>
		<pose>Unspecified</pose>
		<truncated>0</truncated>
		<difficult>0</difficult>
		<bndbox>
			<xmin>359</xmin>
			<ymin>442</ymin>
			<xmax>1120</xmax>
			<ymax>1084</ymax>
		</bndbox>
	</object>
</annotation>