<annotation>
	<folder>ddukguk</folder>
	<filename>ddukguk (79).jpg</filename>
	<path>D:\downloads\fooDetector\ddukguk\ddukguk (79).jpg</path>
	<source>
		<database>Unknown</database>
	</source>
	<size>
		<width>751</width>
		<height>532</height>
		<depth>3</depth>
	</size>
	<segmented>0</segmented>
	<object>
		<name>ddukguk</name>
		<pose>Unspecified</pose>
		<truncated>1</truncated>
		<difficult>0</difficult>
		<bndbox>
			<xmin>83</xmin>
			<ymin>1</ymin>
			<xmax>672</xmax>
			<ymax>523</ymax>
		</bndbox>
	</object>
</annotation>