<annotation>
	<folder>ddukguk</folder>
	<filename>ddukguk (72).jpg</filename>
	<path>D:\downloads\fooDetector\ddukguk\ddukguk (72).jpg</path>
	<source>
		<database>Unknown</database>
	</source>
	<size>
		<width>1200</width>
		<height>800</height>
		<depth>3</depth>
	</size>
	<segmented>0</segmented>
	<object>
		<name>ddukguk</name>
		<pose>Unspecified</pose>
		<truncated>0</truncated>
		<difficult>0</difficult>
		<bndbox>
			<xmin>89</xmin>
			<ymin>195</ymin>
			<xmax>924</xmax>
			<ymax>657</ymax>
		</bndbox>
	</object>
</annotation>