<annotation>
	<folder>ddukguk</folder>
	<filename>ddukguk (59).jpg</filename>
	<path>D:\downloads\fooDetector\ddukguk\ddukguk (59).jpg</path>
	<source>
		<database>Unknown</database>
	</source>
	<size>
		<width>650</width>
		<height>433</height>
		<depth>3</depth>
	</size>
	<segmented>0</segmented>
	<object>
		<name>ddukguk</name>
		<pose>Unspecified</pose>
		<truncated>0</truncated>
		<difficult>0</difficult>
		<bndbox>
			<xmin>234</xmin>
			<ymin>136</ymin>
			<xmax>601</xmax>
			<ymax>329</ymax>
		</bndbox>
	</object>
</annotation>