<annotation>
	<folder>ddukguk</folder>
	<filename>ddukguk (50).jpg</filename>
	<path>D:\downloads\fooDetector\ddukguk\ddukguk (50).jpg</path>
	<source>
		<database>Unknown</database>
	</source>
	<size>
		<width>3456</width>
		<height>4608</height>
		<depth>3</depth>
	</size>
	<segmented>0</segmented>
	<object>
		<name>ddukguk</name>
		<pose>Unspecified</pose>
		<truncated>1</truncated>
		<difficult>0</difficult>
		<bndbox>
			<xmin>280</xmin>
			<ymin>3513</ymin>
			<xmax>1792</xmax>
			<ymax>4608</ymax>
		</bndbox>
	</object>
	<object>
		<name>ddukguk</name>
		<pose>Unspecified</pose>
		<truncated>0</truncated>
		<difficult>0</difficult>
		<bndbox>
			<xmin>1889</xmin>
			<ymin>2672</ymin>
			<xmax>3257</xmax>
			<ymax>4067</ymax>
		</bndbox>
	</object>
	<object>
		<name>ddukguk</name>
		<pose>Unspecified</pose>
		<truncated>0</truncated>
		<difficult>0</difficult>
		<bndbox>
			<xmin>944</xmin>
			<ymin>2563</ymin>
			<xmax>1653</xmax>
			<ymax>3226</ymax>
		</bndbox>
	</object>
	<object>
		<name>ddukguk</name>
		<pose>Unspecified</pose>
		<truncated>0</truncated>
		<difficult>0</difficult>
		<bndbox>
			<xmin>12</xmin>
			<ymin>1626</ymin>
			<xmax>1080</xmax>
			<ymax>2522</ymax>
		</bndbox>
	</object>
	<object>
		<name>ddukguk</name>
		<pose>Unspecified</pose>
		<truncated>0</truncated>
		<difficult>0</difficult>
		<bndbox>
			<xmin>612</xmin>
			<ymin>844</ymin>
			<xmax>1516</xmax>
			<ymax>1381</ymax>
		</bndbox>
	</object>
	<object>
		<name>ddukguk</name>
		<pose>Unspecified</pose>
		<truncated>0</truncated>
		<difficult>0</difficult>
		<bndbox>
			<xmin>1434</xmin>
			<ymin>1467</ymin>
			<xmax>2544</xmax>
			<ymax>2317</ymax>
		</bndbox>
	</object>
	<object>
		<name>ddukguk</name>
		<pose>Unspecified</pose>
		<truncated>1</truncated>
		<difficult>0</difficult>
		<bndbox>
			<xmin>2648</xmin>
			<ymin>1090</ymin>
			<xmax>3456</xmax>
			<ymax>1737</ymax>
		</bndbox>
	</object>
	<object>
		<name>ddukguk</name>
		<pose>Unspecified</pose>
		<truncated>0</truncated>
		<difficult>0</difficult>
		<bndbox>
			<xmin>1707</xmin>
			<ymin>549</ymin>
			<xmax>2634</xmax>
			<ymax>1072</ymax>
		</bndbox>
	</object>
</annotation>