<annotation>
	<folder>ddukguk</folder>
	<filename>ddukguk (3).jpg</filename>
	<path>D:\downloads\fooDetector\ddukguk\ddukguk (3).jpg</path>
	<source>
		<database>Unknown</database>
	</source>
	<size>
		<width>780</width>
		<height>520</height>
		<depth>3</depth>
	</size>
	<segmented>0</segmented>
	<object>
		<name>ddukguk</name>
		<pose>Unspecified</pose>
		<truncated>0</truncated>
		<difficult>0</difficult>
		<bndbox>
			<xmin>56</xmin>
			<ymin>125</ymin>
			<xmax>586</xmax>
			<ymax>444</ymax>
		</bndbox>
	</object>
</annotation>