<annotation>
	<folder>ddukguk</folder>
	<filename>ddukguk (38).jpg</filename>
	<path>D:\downloads\fooDetector\ddukguk\ddukguk (38).jpg</path>
	<source>
		<database>Unknown</database>
	</source>
	<size>
		<width>467</width>
		<height>370</height>
		<depth>3</depth>
	</size>
	<segmented>0</segmented>
	<object>
		<name>ddukguk</name>
		<pose>Unspecified</pose>
		<truncated>0</truncated>
		<difficult>0</difficult>
		<bndbox>
			<xmin>150</xmin>
			<ymin>116</ymin>
			<xmax>407</xmax>
			<ymax>283</ymax>
		</bndbox>
	</object>
</annotation>