<annotation>
	<folder>ddukguk</folder>
	<filename>ddukguk (71).jpg</filename>
	<path>D:\downloads\fooDetector\ddukguk\ddukguk (71).jpg</path>
	<source>
		<database>Unknown</database>
	</source>
	<size>
		<width>1000</width>
		<height>878</height>
		<depth>3</depth>
	</size>
	<segmented>0</segmented>
	<object>
		<name>ddukguk</name>
		<pose>Unspecified</pose>
		<truncated>0</truncated>
		<difficult>0</difficult>
		<bndbox>
			<xmin>95</xmin>
			<ymin>93</ymin>
			<xmax>925</xmax>
			<ymax>544</ymax>
		</bndbox>
	</object>
</annotation>