<annotation>
	<folder>ddukguk</folder>
	<filename>ddukguk (74).jpg</filename>
	<path>D:\downloads\fooDetector\ddukguk\ddukguk (74).jpg</path>
	<source>
		<database>Unknown</database>
	</source>
	<size>
		<width>640</width>
		<height>640</height>
		<depth>3</depth>
	</size>
	<segmented>0</segmented>
	<object>
		<name>ddukguk</name>
		<pose>Unspecified</pose>
		<truncated>0</truncated>
		<difficult>0</difficult>
		<bndbox>
			<xmin>133</xmin>
			<ymin>276</ymin>
			<xmax>353</xmax>
			<ymax>493</ymax>
		</bndbox>
	</object>
	<object>
		<name>ddukguk</name>
		<pose>Unspecified</pose>
		<truncated>1</truncated>
		<difficult>0</difficult>
		<bndbox>
			<xmin>235</xmin>
			<ymin>1</ymin>
			<xmax>457</xmax>
			<ymax>202</ymax>
		</bndbox>
	</object>
</annotation>