<annotation>
	<folder>ddukguk</folder>
	<filename>ddukguk (53).jpg</filename>
	<path>D:\downloads\fooDetector\ddukguk\ddukguk (53).jpg</path>
	<source>
		<database>Unknown</database>
	</source>
	<size>
		<width>480</width>
		<height>723</height>
		<depth>3</depth>
	</size>
	<segmented>0</segmented>
	<object>
		<name>ddukguk</name>
		<pose>Unspecified</pose>
		<truncated>1</truncated>
		<difficult>0</difficult>
		<bndbox>
			<xmin>1</xmin>
			<ymin>248</ymin>
			<xmax>425</xmax>
			<ymax>489</ymax>
		</bndbox>
	</object>
</annotation>