<annotation>
	<folder>ddukguk</folder>
	<filename>ddukguk (29).jpg</filename>
	<path>D:\downloads\fooDetector\ddukguk\ddukguk (29).jpg</path>
	<source>
		<database>Unknown</database>
	</source>
	<size>
		<width>1200</width>
		<height>900</height>
		<depth>3</depth>
	</size>
	<segmented>0</segmented>
	<object>
		<name>ddukguk</name>
		<pose>Unspecified</pose>
		<truncated>0</truncated>
		<difficult>0</difficult>
		<bndbox>
			<xmin>277</xmin>
			<ymin>149</ymin>
			<xmax>910</xmax>
			<ymax>726</ymax>
		</bndbox>
	</object>
</annotation>