<annotation>
	<folder>ddukguk</folder>
	<filename>ddukguk (95).png</filename>
	<path>D:\downloads\fooDetector\ddukguk\ddukguk (95).png</path>
	<source>
		<database>Unknown</database>
	</source>
	<size>
		<width>0</width>
		<height>0</height>
		<depth>3</depth>
	</size>
	<segmented>0</segmented>
	<object>
		<name>ddukguk</name>
		<pose>Unspecified</pose>
		<truncated>0</truncated>
		<difficult>0</difficult>
		<bndbox>
			<xmin>135</xmin>
			<ymin>116</ymin>
			<xmax>521</xmax>
			<ymax>316</ymax>
		</bndbox>
	</object>
</annotation>