<annotation>
	<folder>ddukguk</folder>
	<filename>ddukguk (17).jpg</filename>
	<path>D:\downloads\fooDetector\ddukguk\ddukguk (17).jpg</path>
	<source>
		<database>Unknown</database>
	</source>
	<size>
		<width>2400</width>
		<height>1557</height>
		<depth>3</depth>
	</size>
	<segmented>0</segmented>
	<object>
		<name>ddukguk</name>
		<pose>Unspecified</pose>
		<truncated>0</truncated>
		<difficult>0</difficult>
		<bndbox>
			<xmin>296</xmin>
			<ymin>325</ymin>
			<xmax>1607</xmax>
			<ymax>1127</ymax>
		</bndbox>
	</object>
</annotation>