<annotation>
	<folder>ddukguk</folder>
	<filename>ddukguk (48).jpg</filename>
	<path>D:\downloads\fooDetector\ddukguk\ddukguk (48).jpg</path>
	<source>
		<database>Unknown</database>
	</source>
	<size>
		<width>600</width>
		<height>900</height>
		<depth>3</depth>
	</size>
	<segmented>0</segmented>
	<object>
		<name>ddukguk</name>
		<pose>Unspecified</pose>
		<truncated>0</truncated>
		<difficult>0</difficult>
		<bndbox>
			<xmin>16</xmin>
			<ymin>289</ymin>
			<xmax>547</xmax>
			<ymax>591</ymax>
		</bndbox>
	</object>
</annotation>