<annotation>
	<folder>ddukguk</folder>
	<filename>ddukguk (15).jpg</filename>
	<path>D:\downloads\fooDetector\ddukguk\ddukguk (15).jpg</path>
	<source>
		<database>Unknown</database>
	</source>
	<size>
		<width>1024</width>
		<height>576</height>
		<depth>3</depth>
	</size>
	<segmented>0</segmented>
	<object>
		<name>ddukguk</name>
		<pose>Unspecified</pose>
		<truncated>1</truncated>
		<difficult>0</difficult>
		<bndbox>
			<xmin>194</xmin>
			<ymin>2</ymin>
			<xmax>859</xmax>
			<ymax>576</ymax>
		</bndbox>
	</object>
</annotation>