<annotation>
	<folder>ddukguk</folder>
	<filename>ddukguk (83).jpg</filename>
	<path>D:\downloads\fooDetector\ddukguk\ddukguk (83).jpg</path>
	<source>
		<database>Unknown</database>
	</source>
	<size>
		<width>450</width>
		<height>300</height>
		<depth>3</depth>
	</size>
	<segmented>0</segmented>
	<object>
		<name>ddukguk</name>
		<pose>Unspecified</pose>
		<truncated>0</truncated>
		<difficult>0</difficult>
		<bndbox>
			<xmin>99</xmin>
			<ymin>81</ymin>
			<xmax>273</xmax>
			<ymax>246</ymax>
		</bndbox>
	</object>
</annotation>