<annotation>
	<folder>ddukguk</folder>
	<filename>ddukguk (16).jpg</filename>
	<path>D:\downloads\fooDetector\ddukguk\ddukguk (16).jpg</path>
	<source>
		<database>Unknown</database>
	</source>
	<size>
		<width>800</width>
		<height>513</height>
		<depth>3</depth>
	</size>
	<segmented>0</segmented>
	<object>
		<name>ddukguk</name>
		<pose>Unspecified</pose>
		<truncated>0</truncated>
		<difficult>0</difficult>
		<bndbox>
			<xmin>161</xmin>
			<ymin>53</ymin>
			<xmax>612</xmax>
			<ymax>493</ymax>
		</bndbox>
	</object>
</annotation>