<annotation>
	<folder>ddukguk</folder>
	<filename>ddukguk (19).jpg</filename>
	<path>D:\downloads\fooDetector\ddukguk\ddukguk (19).jpg</path>
	<source>
		<database>Unknown</database>
	</source>
	<size>
		<width>1069</width>
		<height>743</height>
		<depth>3</depth>
	</size>
	<segmented>0</segmented>
	<object>
		<name>ddukguk</name>
		<pose>Unspecified</pose>
		<truncated>0</truncated>
		<difficult>0</difficult>
		<bndbox>
			<xmin>78</xmin>
			<ymin>178</ymin>
			<xmax>931</xmax>
			<ymax>647</ymax>
		</bndbox>
	</object>
</annotation>