<annotation>
	<folder>ddukguk</folder>
	<filename>ddukguk (40).jpg</filename>
	<path>D:\downloads\fooDetector\ddukguk\ddukguk (40).jpg</path>
	<source>
		<database>Unknown</database>
	</source>
	<size>
		<width>1024</width>
		<height>1024</height>
		<depth>3</depth>
	</size>
	<segmented>0</segmented>
	<object>
		<name>ddukguk</name>
		<pose>Unspecified</pose>
		<truncated>0</truncated>
		<difficult>0</difficult>
		<bndbox>
			<xmin>120</xmin>
			<ymin>125</ymin>
			<xmax>883</xmax>
			<ymax>893</ymax>
		</bndbox>
	</object>
</annotation>