<annotation>
	<folder>ddukguk</folder>
	<filename>ddukguk (57).jpg</filename>
	<path>D:\downloads\fooDetector\ddukguk\ddukguk (57).jpg</path>
	<source>
		<database>Unknown</database>
	</source>
	<size>
		<width>640</width>
		<height>960</height>
		<depth>3</depth>
	</size>
	<segmented>0</segmented>
	<object>
		<name>ddukguk</name>
		<pose>Unspecified</pose>
		<truncated>0</truncated>
		<difficult>0</difficult>
		<bndbox>
			<xmin>122</xmin>
			<ymin>320</ymin>
			<xmax>578</xmax>
			<ymax>679</ymax>
		</bndbox>
	</object>
</annotation>