<annotation>
	<folder>ddukguk</folder>
	<filename>ddukguk (78).jpg</filename>
	<path>D:\downloads\fooDetector\ddukguk\ddukguk (78).jpg</path>
	<source>
		<database>Unknown</database>
	</source>
	<size>
		<width>1200</width>
		<height>800</height>
		<depth>3</depth>
	</size>
	<segmented>0</segmented>
	<object>
		<name>ddukguk</name>
		<pose>Unspecified</pose>
		<truncated>0</truncated>
		<difficult>0</difficult>
		<bndbox>
			<xmin>201</xmin>
			<ymin>222</ymin>
			<xmax>726</xmax>
			<ymax>744</ymax>
		</bndbox>
	</object>
	<object>
		<name>ddukguk</name>
		<pose>Unspecified</pose>
		<truncated>1</truncated>
		<difficult>0</difficult>
		<bndbox>
			<xmin>764</xmin>
			<ymin>1</ymin>
			<xmax>1200</xmax>
			<ymax>438</ymax>
		</bndbox>
	</object>
</annotation>