<annotation>
	<folder>ddukguk</folder>
	<filename>ddukguk (22).jpg</filename>
	<path>D:\downloads\fooDetector\ddukguk\ddukguk (22).jpg</path>
	<source>
		<database>Unknown</database>
	</source>
	<size>
		<width>400</width>
		<height>268</height>
		<depth>3</depth>
	</size>
	<segmented>0</segmented>
	<object>
		<name>ddukguk</name>
		<pose>Unspecified</pose>
		<truncated>0</truncated>
		<difficult>0</difficult>
		<bndbox>
			<xmin>14</xmin>
			<ymin>4</ymin>
			<xmax>390</xmax>
			<ymax>241</ymax>
		</bndbox>
	</object>
</annotation>