<annotation>
	<folder>ddukguk</folder>
	<filename>ddukguk (44).jpg</filename>
	<path>D:\downloads\fooDetector\ddukguk\ddukguk (44).jpg</path>
	<source>
		<database>Unknown</database>
	</source>
	<size>
		<width>1023</width>
		<height>687</height>
		<depth>3</depth>
	</size>
	<segmented>0</segmented>
	<object>
		<name>ddukguk</name>
		<pose>Unspecified</pose>
		<truncated>1</truncated>
		<difficult>0</difficult>
		<bndbox>
			<xmin>27</xmin>
			<ymin>47</ymin>
			<xmax>1023</xmax>
			<ymax>686</ymax>
		</bndbox>
	</object>
</annotation>