<annotation>
	<folder>ddukguk</folder>
	<filename>ddukguk (54).jpg</filename>
	<path>D:\downloads\fooDetector\ddukguk\ddukguk (54).jpg</path>
	<source>
		<database>Unknown</database>
	</source>
	<size>
		<width>450</width>
		<height>450</height>
		<depth>3</depth>
	</size>
	<segmented>0</segmented>
	<object>
		<name>ddukguk</name>
		<pose>Unspecified</pose>
		<truncated>0</truncated>
		<difficult>0</difficult>
		<bndbox>
			<xmin>6</xmin>
			<ymin>25</ymin>
			<xmax>449</xmax>
			<ymax>431</ymax>
		</bndbox>
	</object>
</annotation>