<annotation>
	<folder>ddukguk</folder>
	<filename>ddukguk (91).jpg</filename>
	<path>D:\downloads\fooDetector\ddukguk\ddukguk (91).jpg</path>
	<source>
		<database>Unknown</database>
	</source>
	<size>
		<width>768</width>
		<height>432</height>
		<depth>3</depth>
	</size>
	<segmented>0</segmented>
	<object>
		<name>ddukguk</name>
		<pose>Unspecified</pose>
		<truncated>1</truncated>
		<difficult>0</difficult>
		<bndbox>
			<xmin>1</xmin>
			<ymin>212</ymin>
			<xmax>615</xmax>
			<ymax>432</ymax>
		</bndbox>
	</object>
</annotation>