<annotation>
	<folder>ddukguk</folder>
	<filename>ddukguk (92).jpg</filename>
	<path>D:\downloads\fooDetector\ddukguk\ddukguk (92).jpg</path>
	<source>
		<database>Unknown</database>
	</source>
	<size>
		<width>400</width>
		<height>400</height>
		<depth>3</depth>
	</size>
	<segmented>0</segmented>
	<object>
		<name>ddukguk</name>
		<pose>Unspecified</pose>
		<truncated>1</truncated>
		<difficult>0</difficult>
		<bndbox>
			<xmin>1</xmin>
			<ymin>75</ymin>
			<xmax>370</xmax>
			<ymax>400</ymax>
		</bndbox>
	</object>
</annotation>