<annotation>
	<folder>ddukguk</folder>
	<filename>ddukguk (73).jpg</filename>
	<path>D:\downloads\fooDetector\ddukguk\ddukguk (73).jpg</path>
	<source>
		<database>Unknown</database>
	</source>
	<size>
		<width>600</width>
		<height>400</height>
		<depth>3</depth>
	</size>
	<segmented>0</segmented>
	<object>
		<name>ddukguk</name>
		<pose>Unspecified</pose>
		<truncated>0</truncated>
		<difficult>0</difficult>
		<bndbox>
			<xmin>122</xmin>
			<ymin>169</ymin>
			<xmax>382</xmax>
			<ymax>347</ymax>
		</bndbox>
	</object>
</annotation>