<annotation>
	<folder>ddukguk</folder>
	<filename>ddukguk (30).jpg</filename>
	<path>D:\downloads\fooDetector\ddukguk\ddukguk (30).jpg</path>
	<source>
		<database>Unknown</database>
	</source>
	<size>
		<width>591</width>
		<height>480</height>
		<depth>3</depth>
	</size>
	<segmented>0</segmented>
	<object>
		<name>ddukguk</name>
		<pose>Unspecified</pose>
		<truncated>0</truncated>
		<difficult>0</difficult>
		<bndbox>
			<xmin>73</xmin>
			<ymin>54</ymin>
			<xmax>538</xmax>
			<ymax>351</ymax>
		</bndbox>
	</object>
</annotation>