<annotation>
	<folder>ddukguk</folder>
	<filename>ddukguk (46).jpg</filename>
	<path>D:\downloads\fooDetector\ddukguk\ddukguk (46).jpg</path>
	<source>
		<database>Unknown</database>
	</source>
	<size>
		<width>1280</width>
		<height>720</height>
		<depth>3</depth>
	</size>
	<segmented>0</segmented>
	<object>
		<name>ddukguk</name>
		<pose>Unspecified</pose>
		<truncated>0</truncated>
		<difficult>0</difficult>
		<bndbox>
			<xmin>156</xmin>
			<ymin>221</ymin>
			<xmax>1093</xmax>
			<ymax>581</ymax>
		</bndbox>
	</object>
</annotation>