<annotation>
	<folder>ddukguk</folder>
	<filename>ddukguk (8).jpg</filename>
	<path>D:\downloads\fooDetector\ddukguk\ddukguk (8).jpg</path>
	<source>
		<database>Unknown</database>
	</source>
	<size>
		<width>1200</width>
		<height>1200</height>
		<depth>3</depth>
	</size>
	<segmented>0</segmented>
	<object>
		<name>ddukguk</name>
		<pose>Unspecified</pose>
		<truncated>1</truncated>
		<difficult>0</difficult>
		<bndbox>
			<xmin>1</xmin>
			<ymin>3</ymin>
			<xmax>591</xmax>
			<ymax>248</ymax>
		</bndbox>
	</object>
	<object>
		<name>ddukguk</name>
		<pose>Unspecified</pose>
		<truncated>0</truncated>
		<difficult>0</difficult>
		<bndbox>
			<xmin>56</xmin>
			<ymin>478</ymin>
			<xmax>773</xmax>
			<ymax>1097</ymax>
		</bndbox>
	</object>
</annotation>