<annotation>
	<folder>ddukguk</folder>
	<filename>ddukguk (9).jpg</filename>
	<path>D:\downloads\fooDetector\ddukguk\ddukguk (9).jpg</path>
	<source>
		<database>Unknown</database>
	</source>
	<size>
		<width>900</width>
		<height>600</height>
		<depth>3</depth>
	</size>
	<segmented>0</segmented>
	<object>
		<name>ddukguk</name>
		<pose>Unspecified</pose>
		<truncated>0</truncated>
		<difficult>0</difficult>
		<bndbox>
			<xmin>20</xmin>
			<ymin>179</ymin>
			<xmax>642</xmax>
			<ymax>541</ymax>
		</bndbox>
	</object>
</annotation>