<annotation>
	<folder>ddukguk</folder>
	<filename>ddukguk (89).jpg</filename>
	<path>D:\downloads\fooDetector\ddukguk\ddukguk (89).jpg</path>
	<source>
		<database>Unknown</database>
	</source>
	<size>
		<width>650</width>
		<height>975</height>
		<depth>3</depth>
	</size>
	<segmented>0</segmented>
	<object>
		<name>ddukguk</name>
		<pose>Unspecified</pose>
		<truncated>0</truncated>
		<difficult>0</difficult>
		<bndbox>
			<xmin>122</xmin>
			<ymin>401</ymin>
			<xmax>480</xmax>
			<ymax>755</ymax>
		</bndbox>
	</object>
</annotation>