<annotation>
	<folder>ddukguk</folder>
	<filename>ddukguk (49).jpg</filename>
	<path>D:\downloads\fooDetector\ddukguk\ddukguk (49).jpg</path>
	<source>
		<database>Unknown</database>
	</source>
	<size>
		<width>1100</width>
		<height>733</height>
		<depth>3</depth>
	</size>
	<segmented>0</segmented>
	<object>
		<name>ddukguk</name>
		<pose>Unspecified</pose>
		<truncated>0</truncated>
		<difficult>0</difficult>
		<bndbox>
			<xmin>485</xmin>
			<ymin>235</ymin>
			<xmax>915</xmax>
			<ymax>602</ymax>
		</bndbox>
	</object>
</annotation>