<annotation>
	<folder>ddukguk</folder>
	<filename>ddukguk (82).jpg</filename>
	<path>D:\downloads\fooDetector\ddukguk\ddukguk (82).jpg</path>
	<source>
		<database>Unknown</database>
	</source>
	<size>
		<width>1332</width>
		<height>1130</height>
		<depth>3</depth>
	</size>
	<segmented>0</segmented>
	<object>
		<name>ddukguk</name>
		<pose>Unspecified</pose>
		<truncated>0</truncated>
		<difficult>0</difficult>
		<bndbox>
			<xmin>269</xmin>
			<ymin>160</ymin>
			<xmax>1147</xmax>
			<ymax>1012</ymax>
		</bndbox>
	</object>
</annotation>