<annotation>
	<folder>ddukguk</folder>
	<filename>ddukguk (62).jpg</filename>
	<path>D:\downloads\fooDetector\ddukguk\ddukguk (62).jpg</path>
	<source>
		<database>Unknown</database>
	</source>
	<size>
		<width>640</width>
		<height>640</height>
		<depth>3</depth>
	</size>
	<segmented>0</segmented>
	<object>
		<name>ddukguk</name>
		<pose>Unspecified</pose>
		<truncated>0</truncated>
		<difficult>0</difficult>
		<bndbox>
			<xmin>128</xmin>
			<ymin>243</ymin>
			<xmax>573</xmax>
			<ymax>573</ymax>
		</bndbox>
	</object>
</annotation>