<annotation>
	<folder>ddukguk</folder>
	<filename>ddukguk (42).jpg</filename>
	<path>D:\downloads\fooDetector\ddukguk\ddukguk (42).jpg</path>
	<source>
		<database>Unknown</database>
	</source>
	<size>
		<width>402</width>
		<height>288</height>
		<depth>3</depth>
	</size>
	<segmented>0</segmented>
	<object>
		<name>ddukguk</name>
		<pose>Unspecified</pose>
		<truncated>0</truncated>
		<difficult>0</difficult>
		<bndbox>
			<xmin>49</xmin>
			<ymin>45</ymin>
			<xmax>364</xmax>
			<ymax>240</ymax>
		</bndbox>
	</object>
</annotation>