<annotation>
	<folder>ddukguk</folder>
	<filename>ddukguk (96).png</filename>
	<path>D:\downloads\fooDetector\ddukguk\ddukguk (96).png</path>
	<source>
		<database>Unknown</database>
	</source>
	<size>
		<width>0</width>
		<height>0</height>
		<depth>3</depth>
	</size>
	<segmented>0</segmented>
	<object>
		<name>ddukguk</name>
		<pose>Unspecified</pose>
		<truncated>0</truncated>
		<difficult>0</difficult>
		<bndbox>
			<xmin>93</xmin>
			<ymin>124</ymin>
			<xmax>457</xmax>
			<ymax>318</ymax>
		</bndbox>
	</object>
</annotation>