<annotation>
	<folder>ddukguk</folder>
	<filename>ddukguk (23).jpg</filename>
	<path>D:\downloads\fooDetector\ddukguk\ddukguk (23).jpg</path>
	<source>
		<database>Unknown</database>
	</source>
	<size>
		<width>720</width>
		<height>478</height>
		<depth>3</depth>
	</size>
	<segmented>0</segmented>
	<object>
		<name>ddukguk</name>
		<pose>Unspecified</pose>
		<truncated>0</truncated>
		<difficult>0</difficult>
		<bndbox>
			<xmin>235</xmin>
			<ymin>101</ymin>
			<xmax>550</xmax>
			<ymax>400</ymax>
		</bndbox>
	</object>
</annotation>