<annotation>
	<folder>ddukguk</folder>
	<filename>ddukguk (21).jpg</filename>
	<path>D:\downloads\fooDetector\ddukguk\ddukguk (21).jpg</path>
	<source>
		<database>Unknown</database>
	</source>
	<size>
		<width>1920</width>
		<height>992</height>
		<depth>3</depth>
	</size>
	<segmented>0</segmented>
	<object>
		<name>ddukguk</name>
		<pose>Unspecified</pose>
		<truncated>1</truncated>
		<difficult>0</difficult>
		<bndbox>
			<xmin>130</xmin>
			<ymin>179</ymin>
			<xmax>1383</xmax>
			<ymax>992</ymax>
		</bndbox>
	</object>
</annotation>