<annotation>
	<folder>ddukguk</folder>
	<filename>ddukguk (33).jpg</filename>
	<path>D:\downloads\fooDetector\ddukguk\ddukguk (33).jpg</path>
	<source>
		<database>Unknown</database>
	</source>
	<size>
		<width>1280</width>
		<height>720</height>
		<depth>3</depth>
	</size>
	<segmented>0</segmented>
	<object>
		<name>ddukguk</name>
		<pose>Unspecified</pose>
		<truncated>0</truncated>
		<difficult>0</difficult>
		<bndbox>
			<xmin>291</xmin>
			<ymin>116</ymin>
			<xmax>1067</xmax>
			<ymax>620</ymax>
		</bndbox>
	</object>
</annotation>