<annotation>
	<folder>ddukguk</folder>
	<filename>ddukguk (28).jpg</filename>
	<path>D:\downloads\fooDetector\ddukguk\ddukguk (28).jpg</path>
	<source>
		<database>Unknown</database>
	</source>
	<size>
		<width>640</width>
		<height>444</height>
		<depth>3</depth>
	</size>
	<segmented>0</segmented>
	<object>
		<name>ddukguk</name>
		<pose>Unspecified</pose>
		<truncated>0</truncated>
		<difficult>0</difficult>
		<bndbox>
			<xmin>70</xmin>
			<ymin>130</ymin>
			<xmax>457</xmax>
			<ymax>327</ymax>
		</bndbox>
	</object>
</annotation>