<annotation>
	<folder>ddukguk</folder>
	<filename>ddukguk (51).jpg</filename>
	<path>D:\downloads\fooDetector\ddukguk\ddukguk (51).jpg</path>
	<source>
		<database>Unknown</database>
	</source>
	<size>
		<width>1200</width>
		<height>675</height>
		<depth>3</depth>
	</size>
	<segmented>0</segmented>
	<object>
		<name>ddukguk</name>
		<pose>Unspecified</pose>
		<truncated>0</truncated>
		<difficult>0</difficult>
		<bndbox>
			<xmin>151</xmin>
			<ymin>2</ymin>
			<xmax>1084</xmax>
			<ymax>669</ymax>
		</bndbox>
	</object>
</annotation>