<annotation>
	<folder>ddukguk</folder>
	<filename>ddukguk (18).jpg</filename>
	<path>D:\downloads\fooDetector\ddukguk\ddukguk (18).jpg</path>
	<source>
		<database>Unknown</database>
	</source>
	<size>
		<width>380</width>
		<height>333</height>
		<depth>3</depth>
	</size>
	<segmented>0</segmented>
	<object>
		<name>ddukguk</name>
		<pose>Unspecified</pose>
		<truncated>0</truncated>
		<difficult>0</difficult>
		<bndbox>
			<xmin>19</xmin>
			<ymin>43</ymin>
			<xmax>359</xmax>
			<ymax>252</ymax>
		</bndbox>
	</object>
</annotation>