<annotation>
	<folder>ddukguk</folder>
	<filename>ddukguk (61).jpg</filename>
	<path>D:\downloads\fooDetector\ddukguk\ddukguk (61).jpg</path>
	<source>
		<database>Unknown</database>
	</source>
	<size>
		<width>1500</width>
		<height>844</height>
		<depth>3</depth>
	</size>
	<segmented>0</segmented>
	<object>
		<name>ddukguk</name>
		<pose>Unspecified</pose>
		<truncated>0</truncated>
		<difficult>0</difficult>
		<bndbox>
			<xmin>236</xmin>
			<ymin>172</ymin>
			<xmax>1307</xmax>
			<ymax>715</ymax>
		</bndbox>
	</object>
</annotation>