<annotation>
	<folder>ddukguk</folder>
	<filename>ddukguk (68).jpg</filename>
	<path>D:\downloads\fooDetector\ddukguk\ddukguk (68).jpg</path>
	<source>
		<database>Unknown</database>
	</source>
	<size>
		<width>650</width>
		<height>650</height>
		<depth>3</depth>
	</size>
	<segmented>0</segmented>
	<object>
		<name>ddukguk</name>
		<pose>Unspecified</pose>
		<truncated>1</truncated>
		<difficult>0</difficult>
		<bndbox>
			<xmin>1</xmin>
			<ymin>1</ymin>
			<xmax>547</xmax>
			<ymax>524</ymax>
		</bndbox>
	</object>
</annotation>