<annotation>
	<folder>ddukguk</folder>
	<filename>ddukguk (31).jpg</filename>
	<path>D:\downloads\fooDetector\ddukguk\ddukguk (31).jpg</path>
	<source>
		<database>Unknown</database>
	</source>
	<size>
		<width>600</width>
		<height>420</height>
		<depth>3</depth>
	</size>
	<segmented>0</segmented>
	<object>
		<name>ddukguk</name>
		<pose>Unspecified</pose>
		<truncated>0</truncated>
		<difficult>0</difficult>
		<bndbox>
			<xmin>69</xmin>
			<ymin>103</ymin>
			<xmax>538</xmax>
			<ymax>266</ymax>
		</bndbox>
	</object>
</annotation>