<annotation>
	<folder>ddukguk</folder>
	<filename>ddukguk (86).jpg</filename>
	<path>D:\downloads\fooDetector\ddukguk\ddukguk (86).jpg</path>
	<source>
		<database>Unknown</database>
	</source>
	<size>
		<width>980</width>
		<height>630</height>
		<depth>3</depth>
	</size>
	<segmented>0</segmented>
	<object>
		<name>ddukguk</name>
		<pose>Unspecified</pose>
		<truncated>0</truncated>
		<difficult>0</difficult>
		<bndbox>
			<xmin>203</xmin>
			<ymin>131</ymin>
			<xmax>804</xmax>
			<ymax>527</ymax>
		</bndbox>
	</object>
</annotation>