<annotation>
	<folder>ddukguk</folder>
	<filename>ddukguk (26).jpg</filename>
	<path>D:\downloads\fooDetector\ddukguk\ddukguk (26).jpg</path>
	<source>
		<database>Unknown</database>
	</source>
	<size>
		<width>250</width>
		<height>250</height>
		<depth>3</depth>
	</size>
	<segmented>0</segmented>
	<object>
		<name>ddukguk</name>
		<pose>Unspecified</pose>
		<truncated>1</truncated>
		<difficult>0</difficult>
		<bndbox>
			<xmin>40</xmin>
			<ymin>53</ymin>
			<xmax>250</xmax>
			<ymax>164</ymax>
		</bndbox>
	</object>
</annotation>