<annotation>
	<folder>ddukguk</folder>
	<filename>ddukguk (24).jpg</filename>
	<path>D:\downloads\fooDetector\ddukguk\ddukguk (24).jpg</path>
	<source>
		<database>Unknown</database>
	</source>
	<size>
		<width>1600</width>
		<height>1066</height>
		<depth>3</depth>
	</size>
	<segmented>0</segmented>
	<object>
		<name>ddukguk</name>
		<pose>Unspecified</pose>
		<truncated>0</truncated>
		<difficult>0</difficult>
		<bndbox>
			<xmin>385</xmin>
			<ymin>252</ymin>
			<xmax>1213</xmax>
			<ymax>786</ymax>
		</bndbox>
	</object>
</annotation>