<annotation>
	<folder>ddukguk</folder>
	<filename>ddukguk (14).jpg</filename>
	<path>D:\downloads\fooDetector\ddukguk\ddukguk (14).jpg</path>
	<source>
		<database>Unknown</database>
	</source>
	<size>
		<width>640</width>
		<height>470</height>
		<depth>3</depth>
	</size>
	<segmented>0</segmented>
	<object>
		<name>ddukguk</name>
		<pose>Unspecified</pose>
		<truncated>0</truncated>
		<difficult>0</difficult>
		<bndbox>
			<xmin>185</xmin>
			<ymin>118</ymin>
			<xmax>490</xmax>
			<ymax>360</ymax>
		</bndbox>
	</object>
</annotation>