<annotation>
	<folder>ddukguk</folder>
	<filename>ddukguk (4).jpg</filename>
	<path>D:\downloads\fooDetector\ddukguk\ddukguk (4).jpg</path>
	<source>
		<database>Unknown</database>
	</source>
	<size>
		<width>1280</width>
		<height>720</height>
		<depth>3</depth>
	</size>
	<segmented>0</segmented>
	<object>
		<name>ddukguk</name>
		<pose>Unspecified</pose>
		<truncated>0</truncated>
		<difficult>0</difficult>
		<bndbox>
			<xmin>162</xmin>
			<ymin>85</ymin>
			<xmax>1134</xmax>
			<ymax>702</ymax>
		</bndbox>
	</object>
</annotation>