<annotation>
	<folder>ddukguk</folder>
	<filename>ddukguk (37).jpg</filename>
	<path>D:\downloads\fooDetector\ddukguk\ddukguk (37).jpg</path>
	<source>
		<database>Unknown</database>
	</source>
	<size>
		<width>514</width>
		<height>451</height>
		<depth>3</depth>
	</size>
	<segmented>0</segmented>
	<object>
		<name>ddukguk</name>
		<pose>Unspecified</pose>
		<truncated>0</truncated>
		<difficult>0</difficult>
		<bndbox>
			<xmin>76</xmin>
			<ymin>45</ymin>
			<xmax>436</xmax>
			<ymax>399</ymax>
		</bndbox>
	</object>
</annotation>