<annotation>
	<folder>ddukguk</folder>
	<filename>ddukguk (7).jpg</filename>
	<path>D:\downloads\fooDetector\ddukguk\ddukguk (7).jpg</path>
	<source>
		<database>Unknown</database>
	</source>
	<size>
		<width>600</width>
		<height>411</height>
		<depth>3</depth>
	</size>
	<segmented>0</segmented>
	<object>
		<name>ddukguk</name>
		<pose>Unspecified</pose>
		<truncated>0</truncated>
		<difficult>0</difficult>
		<bndbox>
			<xmin>88</xmin>
			<ymin>76</ymin>
			<xmax>502</xmax>
			<ymax>335</ymax>
		</bndbox>
	</object>
</annotation>