<annotation>
	<folder>ddukguk</folder>
	<filename>ddukguk (80).jpg</filename>
	<path>D:\downloads\fooDetector\ddukguk\ddukguk (80).jpg</path>
	<source>
		<database>Unknown</database>
	</source>
	<size>
		<width>5184</width>
		<height>3456</height>
		<depth>3</depth>
	</size>
	<segmented>0</segmented>
	<object>
		<name>ddukguk</name>
		<pose>Unspecified</pose>
		<truncated>0</truncated>
		<difficult>0</difficult>
		<bndbox>
			<xmin>1011</xmin>
			<ymin>589</ymin>
			<xmax>3411</xmax>
			<ymax>2896</ymax>
		</bndbox>
	</object>
</annotation>