<annotation>
	<folder>ddukguk</folder>
	<filename>ddukguk (97).jpeg</filename>
	<path>D:\downloads\fooDetector\ddukguk\ddukguk (97).jpeg</path>
	<source>
		<database>Unknown</database>
	</source>
	<size>
		<width>550</width>
		<height>412</height>
		<depth>3</depth>
	</size>
	<segmented>0</segmented>
	<object>
		<name>ddukguk</name>
		<pose>Unspecified</pose>
		<truncated>0</truncated>
		<difficult>0</difficult>
		<bndbox>
			<xmin>96</xmin>
			<ymin>49</ymin>
			<xmax>467</xmax>
			<ymax>326</ymax>
		</bndbox>
	</object>
</annotation>