<annotation>
	<folder>ddukguk</folder>
	<filename>ddukguk (69).jpg</filename>
	<path>D:\downloads\fooDetector\ddukguk\ddukguk (69).jpg</path>
	<source>
		<database>Unknown</database>
	</source>
	<size>
		<width>700</width>
		<height>909</height>
		<depth>3</depth>
	</size>
	<segmented>0</segmented>
	<object>
		<name>ddukguk</name>
		<pose>Unspecified</pose>
		<truncated>0</truncated>
		<difficult>0</difficult>
		<bndbox>
			<xmin>166</xmin>
			<ymin>406</ymin>
			<xmax>563</xmax>
			<ymax>801</ymax>
		</bndbox>
	</object>
</annotation>