<annotation>
	<folder>ddukguk</folder>
	<filename>ddukguk (75).jpg</filename>
	<path>D:\downloads\fooDetector\ddukguk\ddukguk (75).jpg</path>
	<source>
		<database>Unknown</database>
	</source>
	<size>
		<width>761</width>
		<height>761</height>
		<depth>3</depth>
	</size>
	<segmented>0</segmented>
	<object>
		<name>ddukguk</name>
		<pose>Unspecified</pose>
		<truncated>0</truncated>
		<difficult>0</difficult>
		<bndbox>
			<xmin>30</xmin>
			<ymin>85</ymin>
			<xmax>695</xmax>
			<ymax>621</ymax>
		</bndbox>
	</object>
</annotation>