<annotation>
	<folder>ddukguk</folder>
	<filename>ddukguk (93).jpg</filename>
	<path>D:\downloads\fooDetector\ddukguk\ddukguk (93).jpg</path>
	<source>
		<database>Unknown</database>
	</source>
	<size>
		<width>460</width>
		<height>345</height>
		<depth>3</depth>
	</size>
	<segmented>0</segmented>
	<object>
		<name>ddukguk</name>
		<pose>Unspecified</pose>
		<truncated>0</truncated>
		<difficult>0</difficult>
		<bndbox>
			<xmin>33</xmin>
			<ymin>111</ymin>
			<xmax>372</xmax>
			<ymax>285</ymax>
		</bndbox>
	</object>
</annotation>