<annotation>
	<folder>ddukguk</folder>
	<filename>ddukguk (27).jpg</filename>
	<path>D:\downloads\fooDetector\ddukguk\ddukguk (27).jpg</path>
	<source>
		<database>Unknown</database>
	</source>
	<size>
		<width>700</width>
		<height>433</height>
		<depth>3</depth>
	</size>
	<segmented>0</segmented>
	<object>
		<name>ddukguk</name>
		<pose>Unspecified</pose>
		<truncated>0</truncated>
		<difficult>0</difficult>
		<bndbox>
			<xmin>52</xmin>
			<ymin>139</ymin>
			<xmax>454</xmax>
			<ymax>340</ymax>
		</bndbox>
	</object>
</annotation>