<annotation>
	<folder>ddukguk</folder>
	<filename>ddukguk (85).jpg</filename>
	<path>D:\downloads\fooDetector\ddukguk\ddukguk (85).jpg</path>
	<source>
		<database>Unknown</database>
	</source>
	<size>
		<width>300</width>
		<height>200</height>
		<depth>3</depth>
	</size>
	<segmented>0</segmented>
	<object>
		<name>ddukguk</name>
		<pose>Unspecified</pose>
		<truncated>0</truncated>
		<difficult>0</difficult>
		<bndbox>
			<xmin>50</xmin>
			<ymin>57</ymin>
			<xmax>271</xmax>
			<ymax>148</ymax>
		</bndbox>
	</object>
</annotation>