<annotation>
	<folder>ddukguk</folder>
	<filename>ddukguk (47).jpg</filename>
	<path>D:\downloads\fooDetector\ddukguk\ddukguk (47).jpg</path>
	<source>
		<database>Unknown</database>
	</source>
	<size>
		<width>600</width>
		<height>450</height>
		<depth>3</depth>
	</size>
	<segmented>0</segmented>
	<object>
		<name>ddukguk</name>
		<pose>Unspecified</pose>
		<truncated>0</truncated>
		<difficult>0</difficult>
		<bndbox>
			<xmin>16</xmin>
			<ymin>174</ymin>
			<xmax>270</xmax>
			<ymax>390</ymax>
		</bndbox>
	</object>
	<object>
		<name>ddukguk</name>
		<pose>Unspecified</pose>
		<truncated>0</truncated>
		<difficult>0</difficult>
		<bndbox>
			<xmin>59</xmin>
			<ymin>11</ymin>
			<xmax>259</xmax>
			<ymax>136</ymax>
		</bndbox>
	</object>
	<object>
		<name>ddukguk</name>
		<pose>Unspecified</pose>
		<truncated>0</truncated>
		<difficult>0</difficult>
		<bndbox>
			<xmin>282</xmin>
			<ymin>51</ymin>
			<xmax>502</xmax>
			<ymax>199</ymax>
		</bndbox>
	</object>
	<object>
		<name>ddukguk</name>
		<pose>Unspecified</pose>
		<truncated>1</truncated>
		<difficult>0</difficult>
		<bndbox>
			<xmin>303</xmin>
			<ymin>242</ymin>
			<xmax>575</xmax>
			<ymax>450</ymax>
		</bndbox>
	</object>
</annotation>