<annotation>
	<folder>ddukguk</folder>
	<filename>ddukguk (2).jpg</filename>
	<path>D:\downloads\fooDetector\ddukguk\ddukguk (2).jpg</path>
	<source>
		<database>Unknown</database>
	</source>
	<size>
		<width>1200</width>
		<height>800</height>
		<depth>3</depth>
	</size>
	<segmented>0</segmented>
	<object>
		<name>ddukguk</name>
		<pose>Unspecified</pose>
		<truncated>1</truncated>
		<difficult>0</difficult>
		<bndbox>
			<xmin>172</xmin>
			<ymin>26</ymin>
			<xmax>1200</xmax>
			<ymax>797</ymax>
		</bndbox>
	</object>
</annotation>