<annotation>
	<folder>ddukguk</folder>
	<filename>ddukguk (6).jpg</filename>
	<path>D:\downloads\fooDetector\ddukguk\ddukguk (6).jpg</path>
	<source>
		<database>Unknown</database>
	</source>
	<size>
		<width>1280</width>
		<height>720</height>
		<depth>3</depth>
	</size>
	<segmented>0</segmented>
	<object>
		<name>ddukguk</name>
		<pose>Unspecified</pose>
		<truncated>0</truncated>
		<difficult>0</difficult>
		<bndbox>
			<xmin>261</xmin>
			<ymin>183</ymin>
			<xmax>1008</xmax>
			<ymax>633</ymax>
		</bndbox>
	</object>
</annotation>