<annotation>
	<folder>ddukguk</folder>
	<filename>ddukguk (13).jpg</filename>
	<path>D:\downloads\fooDetector\ddukguk\ddukguk (13).jpg</path>
	<source>
		<database>Unknown</database>
	</source>
	<size>
		<width>480</width>
		<height>360</height>
		<depth>3</depth>
	</size>
	<segmented>0</segmented>
	<object>
		<name>ddukguk</name>
		<pose>Unspecified</pose>
		<truncated>0</truncated>
		<difficult>0</difficult>
		<bndbox>
			<xmin>68</xmin>
			<ymin>45</ymin>
			<xmax>478</xmax>
			<ymax>305</ymax>
		</bndbox>
	</object>
</annotation>