<annotation>
	<folder>ddukguk</folder>
	<filename>ddukguk (70).jpg</filename>
	<path>D:\downloads\fooDetector\ddukguk\ddukguk (70).jpg</path>
	<source>
		<database>Unknown</database>
	</source>
	<size>
		<width>0</width>
		<height>0</height>
		<depth>3</depth>
	</size>
	<segmented>0</segmented>
	<object>
		<name>ddukguk</name>
		<pose>Unspecified</pose>
		<truncated>0</truncated>
		<difficult>0</difficult>
		<bndbox>
			<xmin>66</xmin>
			<ymin>170</ymin>
			<xmax>600</xmax>
			<ymax>418</ymax>
		</bndbox>
	</object>
</annotation>