<annotation>
	<folder>ddukguk</folder>
	<filename>ddukguk (88).jpg</filename>
	<path>D:\downloads\fooDetector\ddukguk\ddukguk (88).jpg</path>
	<source>
		<database>Unknown</database>
	</source>
	<size>
		<width>3264</width>
		<height>2448</height>
		<depth>3</depth>
	</size>
	<segmented>0</segmented>
	<object>
		<name>ddukguk</name>
		<pose>Unspecified</pose>
		<truncated>0</truncated>
		<difficult>0</difficult>
		<bndbox>
			<xmin>554</xmin>
			<ymin>719</ymin>
			<xmax>2749</xmax>
			<ymax>2041</ymax>
		</bndbox>
	</object>
</annotation>