<annotation>
	<folder>ddukguk</folder>
	<filename>ddukguk (90).jpg</filename>
	<path>D:\downloads\fooDetector\ddukguk\ddukguk (90).jpg</path>
	<source>
		<database>Unknown</database>
	</source>
	<size>
		<width>460</width>
		<height>245</height>
		<depth>3</depth>
	</size>
	<segmented>0</segmented>
	<object>
		<name>ddukguk</name>
		<pose>Unspecified</pose>
		<truncated>0</truncated>
		<difficult>0</difficult>
		<bndbox>
			<xmin>14</xmin>
			<ymin>126</ymin>
			<xmax>126</xmax>
			<ymax>207</ymax>
		</bndbox>
	</object>
	<object>
		<name>ddukguk</name>
		<pose>Unspecified</pose>
		<truncated>0</truncated>
		<difficult>0</difficult>
		<bndbox>
			<xmin>349</xmin>
			<ymin>113</ymin>
			<xmax>444</xmax>
			<ymax>184</ymax>
		</bndbox>
	</object>
</annotation>