<annotation>
	<folder>ddukguk</folder>
	<filename>ddukguk (20).jpg</filename>
	<path>D:\downloads\fooDetector\ddukguk\ddukguk (20).jpg</path>
	<source>
		<database>Unknown</database>
	</source>
	<size>
		<width>220</width>
		<height>165</height>
		<depth>3</depth>
	</size>
	<segmented>0</segmented>
	<object>
		<name>ddukguk</name>
		<pose>Unspecified</pose>
		<truncated>0</truncated>
		<difficult>0</difficult>
		<bndbox>
			<xmin>38</xmin>
			<ymin>50</ymin>
			<xmax>184</xmax>
			<ymax>137</ymax>
		</bndbox>
	</object>
</annotation>