<annotation>
	<folder>ddukguk</folder>
	<filename>ddukguk (63).jpg</filename>
	<path>D:\downloads\fooDetector\ddukguk\ddukguk (63).jpg</path>
	<source>
		<database>Unknown</database>
	</source>
	<size>
		<width>639</width>
		<height>426</height>
		<depth>3</depth>
	</size>
	<segmented>0</segmented>
	<object>
		<name>ddukguk</name>
		<pose>Unspecified</pose>
		<truncated>0</truncated>
		<difficult>0</difficult>
		<bndbox>
			<xmin>42</xmin>
			<ymin>97</ymin>
			<xmax>529</xmax>
			<ymax>332</ymax>
		</bndbox>
	</object>
</annotation>