<annotation>
	<folder>ddukguk</folder>
	<filename>ddukguk (56).jpg</filename>
	<path>D:\downloads\fooDetector\ddukguk\ddukguk (56).jpg</path>
	<source>
		<database>Unknown</database>
	</source>
	<size>
		<width>760</width>
		<height>428</height>
		<depth>3</depth>
	</size>
	<segmented>0</segmented>
	<object>
		<name>ddukguk</name>
		<pose>Unspecified</pose>
		<truncated>0</truncated>
		<difficult>0</difficult>
		<bndbox>
			<xmin>144</xmin>
			<ymin>47</ymin>
			<xmax>483</xmax>
			<ymax>376</ymax>
		</bndbox>
	</object>
</annotation>