<annotation>
	<folder>ddukguk</folder>
	<filename>ddukguk (41).jpg</filename>
	<path>D:\downloads\fooDetector\ddukguk\ddukguk (41).jpg</path>
	<source>
		<database>Unknown</database>
	</source>
	<size>
		<width>961</width>
		<height>641</height>
		<depth>3</depth>
	</size>
	<segmented>0</segmented>
	<object>
		<name>ddukguk</name>
		<pose>Unspecified</pose>
		<truncated>0</truncated>
		<difficult>0</difficult>
		<bndbox>
			<xmin>301</xmin>
			<ymin>135</ymin>
			<xmax>678</xmax>
			<ymax>518</ymax>
		</bndbox>
	</object>
</annotation>