<annotation>
	<folder>ddukguk</folder>
	<filename>ddukguk (94).png</filename>
	<path>D:\downloads\fooDetector\ddukguk\ddukguk (94).png</path>
	<source>
		<database>Unknown</database>
	</source>
	<size>
		<width>474</width>
		<height>456</height>
		<depth>3</depth>
	</size>
	<segmented>0</segmented>
	<object>
		<name>ddukguk</name>
		<pose>Unspecified</pose>
		<truncated>0</truncated>
		<difficult>0</difficult>
		<bndbox>
			<xmin>82</xmin>
			<ymin>78</ymin>
			<xmax>423</xmax>
			<ymax>404</ymax>
		</bndbox>
	</object>
</annotation>