<annotation>
	<folder>ddukguk</folder>
	<filename>ddukguk (12).jpg</filename>
	<path>D:\downloads\fooDetector\ddukguk\ddukguk (12).jpg</path>
	<source>
		<database>Unknown</database>
	</source>
	<size>
		<width>520</width>
		<height>376</height>
		<depth>3</depth>
	</size>
	<segmented>0</segmented>
	<object>
		<name>ddukguk</name>
		<pose>Unspecified</pose>
		<truncated>0</truncated>
		<difficult>0</difficult>
		<bndbox>
			<xmin>77</xmin>
			<ymin>122</ymin>
			<xmax>407</xmax>
			<ymax>258</ymax>
		</bndbox>
	</object>
</annotation>