<annotation>
	<folder>ddukguk</folder>
	<filename>ddukguk (84).jpg</filename>
	<path>D:\downloads\fooDetector\ddukguk\ddukguk (84).jpg</path>
	<source>
		<database>Unknown</database>
	</source>
	<size>
		<width>450</width>
		<height>300</height>
		<depth>3</depth>
	</size>
	<segmented>0</segmented>
	<object>
		<name>ddukguk</name>
		<pose>Unspecified</pose>
		<truncated>0</truncated>
		<difficult>0</difficult>
		<bndbox>
			<xmin>256</xmin>
			<ymin>133</ymin>
			<xmax>380</xmax>
			<ymax>238</ymax>
		</bndbox>
	</object>
</annotation>