<annotation>
	<folder>fishandchips</folder>
	<filename>fishandchips (104).jpg</filename>
	<path>D:\downloads\fooDetector\fishandchips\fishandchips (104).jpg</path>
	<source>
		<database>Unknown</database>
	</source>
	<size>
		<width>412</width>
		<height>232</height>
		<depth>3</depth>
	</size>
	<segmented>0</segmented>
	<object>
		<name>fishandchips</name>
		<pose>Unspecified</pose>
		<truncated>0</truncated>
		<difficult>0</difficult>
		<bndbox>
			<xmin>66</xmin>
			<ymin>104</ymin>
			<xmax>356</xmax>
			<ymax>229</ymax>
		</bndbox>
	</object>
</annotation>
