<annotation>
	<folder>fishandchips</folder>
	<filename>fishandchips (101).jpg</filename>
	<path>D:\downloads\fooDetector\fishandchips\fishandchips (101).jpg</path>
	<source>
		<database>Unknown</database>
	</source>
	<size>
		<width>550</width>
		<height>370</height>
		<depth>3</depth>
	</size>
	<segmented>0</segmented>
	<object>
		<name>fishandchips</name>
		<pose>Unspecified</pose>
		<truncated>0</truncated>
		<difficult>0</difficult>
		<bndbox>
			<xmin>152</xmin>
			<ymin>54</ymin>
			<xmax>486</xmax>
			<ymax>358</ymax>
		</bndbox>
	</object>
</annotation>
