<annotation>
	<folder>fishandchips</folder>
	<filename>fishandchips (102).jpg</filename>
	<path>D:\downloads\fooDetector\fishandchips\fishandchips (102).jpg</path>
	<source>
		<database>Unknown</database>
	</source>
	<size>
		<width>480</width>
		<height>360</height>
		<depth>3</depth>
	</size>
	<segmented>0</segmented>
	<object>
		<name>fishandchips</name>
		<pose>Unspecified</pose>
		<truncated>0</truncated>
		<difficult>0</difficult>
		<bndbox>
			<xmin>5</xmin>
			<ymin>43</ymin>
			<xmax>414</xmax>
			<ymax>315</ymax>
		</bndbox>
	</object>
</annotation>
