<annotation>
	<folder>fishandchips</folder>
	<filename>fishandchips (106).jpg</filename>
	<path>D:\downloads\fooDetector\fishandchips\fishandchips (106).jpg</path>
	<source>
		<database>Unknown</database>
	</source>
	<size>
		<width>630</width>
		<height>524</height>
		<depth>3</depth>
	</size>
	<segmented>0</segmented>
	<object>
		<name>fishandchips</name>
		<pose>Unspecified</pose>
		<truncated>0</truncated>
		<difficult>0</difficult>
		<bndbox>
			<xmin>167</xmin>
			<ymin>97</ymin>
			<xmax>625</xmax>
			<ymax>473</ymax>
		</bndbox>
	</object>
</annotation>
