<annotation>
	<folder>fishandchips</folder>
	<filename>fishandchips (100).jpg</filename>
	<path>D:\downloads\fooDetector\fishandchips\fishandchips (100).jpg</path>
	<source>
		<database>Unknown</database>
	</source>
	<size>
		<width>620</width>
		<height>620</height>
		<depth>3</depth>
	</size>
	<segmented>0</segmented>
	<object>
		<name>fishandchips</name>
		<pose>Unspecified</pose>
		<truncated>0</truncated>
		<difficult>0</difficult>
		<bndbox>
			<xmin>53</xmin>
			<ymin>39</ymin>
			<xmax>493</xmax>
			<ymax>581</ymax>
		</bndbox>
	</object>
</annotation>
