<annotation>
	<folder>fishandchips</folder>
	<filename>fishandchips (103).jpg</filename>
	<path>D:\downloads\fooDetector\fishandchips\fishandchips (103).jpg</path>
	<source>
		<database>Unknown</database>
	</source>
	<size>
		<width>768</width>
		<height>1024</height>
		<depth>3</depth>
	</size>
	<segmented>0</segmented>
	<object>
		<name>fishandchips</name>
		<pose>Unspecified</pose>
		<truncated>0</truncated>
		<difficult>0</difficult>
		<bndbox>
			<xmin>30</xmin>
			<ymin>193</ymin>
			<xmax>719</xmax>
			<ymax>748</ymax>
		</bndbox>
	</object>
</annotation>
