<annotation>
	<folder>fishandchips</folder>
	<filename>fishandchips (105).jpg</filename>
	<path>D:\downloads\fooDetector\fishandchips\fishandchips (105).jpg</path>
	<source>
		<database>Unknown</database>
	</source>
	<size>
		<width>599</width>
		<height>287</height>
		<depth>3</depth>
	</size>
	<segmented>0</segmented>
	<object>
		<name>fishandchips</name>
		<pose>Unspecified</pose>
		<truncated>1</truncated>
		<difficult>0</difficult>
		<bndbox>
			<xmin>1</xmin>
			<ymin>39</ymin>
			<xmax>597</xmax>
			<ymax>283</ymax>
		</bndbox>
	</object>
</annotation>
